Jahr;Text
01. Feb
01. Mär
02. Mär
01. Apr
03. Apr
05. Apr
08. Apr
01. Mai
02. Mai
01. Aug
08. Sep
[Andere
[Den]
[Donnerstags]
[Donstag]
[Eingelegte
[Eingelegter
[Eingelegtes
[Fortsetzung
[Freitags]
[Fürs]
[Gestrichen
[Hand
[Hanß]
[Hebräisch
[Man
[Mon]tags
[Nachfolgende
[Sind
[Son]tägliches
[Sonn]tag
[Sonn]tags
[Spätere
[Stillstandsordnung]
[Summa]
[To]gweiler
[Y]tzikon
[Zeichnung
[Zintags]
A[dli]schw[yl]
A[dli]schw[yler]
A[nn]us
A[nno]
A[nnus]
Aathal
Abänderung
Abegg
Abeggen
Abeggin
Abendgebätt
Aberat
Abgehnde
Abgekennt
Ablaß
Abrah[amen]
Abraham
Abrahamen
Abrahamm
Abrahammen
Abrahams
Ac[tum]
Achel
Achior
Achitophels
Ackeret
Ackermann
Ackermans
Acriter
Actio
Actuarius
Actum
Adali
Adam
Adamen
Adamli
Adamms
Adams
Ade[t]schwyl
Adelh
Adelh[eit]
Adelhart
Adelhaußen
Adelheid
Adelheit
Adelheiten
Adelhusers
Adelhußen
Adeli
Adelis
Adelishanß[en]
Adelishanßen
Adelshanßen
Adelshaußen
Adelshusen
Adelshußen
Aderant
Adetschweiler
Adetschwyl
Adetschwyler
Adleschw[yl]
Adleschwyl
Adletshausen
Adletshauser
Adletshusen
Adletshuser
Adli
Adliken
Adlikon
Adlis
Adlischw[yl]
Adlischweil
Adlischwyl
Adlishanßen
Adtlischw[yl]
Adtlischwyl
Afeltranger
Affeltranger
Affeltrangers
Affhalteren
Affholt[eren]
Affholteren
Affholtren
Affoltren
Affran
Affren
Afholteren
Afohelteren
Afra
Agatha
Aggli
Albertin
Albis
Albisrieden
Albiß
Aldorten
Alex[ander]
Alexander
Alexannder
Algier
Allbrächten
Alldo
Allenberg
Alles
Allexander
Allgoüw
Alli
Allmoßen
Almosenpflëger
Almosenrechnung
Almosensbereinigung
Almosensteühr
Almoßen
Almoßengelt
Almoßenkleider
Alt-Hannß
Altdorff
Altenberger
Altenbergeren
Altenbergerin
Altenburger
Althansen
Altickenmatten
Altorff
Altorffer
Altorfferen
Altspüel
Altstädten
Altstätten
Altstetten
Altto[r]ff
Am
Amberg
Ambergen
Ambsterdamb
Ambüel
Amman
Ammann
Ammänneren
Ammanns
Ammans
Ammen
Amptfendri
Amptshauptman
Amsler
Ana
Andares
Andelffingen
Andelfingen
Andereas
Anderer
Anderes
Anderfingen
André
Andreas
Andres
Andresen
Andreß
Aneli
Anfenglich
Angnes
Angst
Angsten
Angstenen
Angstin
Anken
Ankli
Anklis
Anlangend
Ann[u]s
Ann[us]
Anna
Annæ
Annali
Annam
Annderes
Anndres
Anneli
Annelis
Annen
Anni
Anno
Annus
Ant[oni]
Anthoni
Anton
Antoni
Antw[ort]
Apenzeller
Aplin
Apoc
Appartin
Appenzell
Appenzeller
Appert
Appolonia
Apr[el]
Aprilis
Arauw
Arbon
Arch-Nöe
Ardt
Arne
Arner
Arni
Arter
Arters
Artzetlohn
Arüti
Aschmann
Asp
Asper
Attliken
Attlischwyl
Atzenweiler
Atzenweileri
Atzenweilerin
Atzenwyler
Au
Auch
Aüch
Aue
Auf
Aufnemmung
Augspurger
Aügst
Aügsten
Aügster
Aügstern
Augstmohn[at]
Augstmonath
August[ineren]
Augustiner
Augustineren
Augustini
Augustinus
Augustus
Augustyneren
Aumüller
Ausbleiben
Auslicken
Auslickeren
Ausliken
Auslikeren
Außerer
Außlicken
Außlicker
Außlickhen
Außliken
Außsatz
Auw
Auweldingen
B'staht
B[aptist]
B[arbara]
B[äretschwyl]
B[ene]
B[uben]
B[uren]
Baagen
Bab
Babara
Babel
Babeli
Babelis
Baben
Babenkasper
Babenkaspers
Babi
Bäch
Bächels
Bächels-Rüter
Bächelsrüti
Bächelsrütti
Bächen
Bachenbüli
Bachheinr[ichen]
Bachheinrichen
Bachheirichen
Bachman
Bachmann
Bachmannen
Bachmannin
Bachofen
Bachofer
Bachoffner
Bachoffners
Bachofner
Bachofnerin
Bachofners
Bachs
Bachtällen
Bachtellen
Bachthällen
Baden
Baden-cur
Badencur
Badenfahrt
Baderi
Baggenstoß
Baggenstoßin
Bägglis
Bähren
Bahrenberg
Bährin
Balberi
Balbero
Balbers
Balchen[stan]
Balchenst[al]
Balchenstain
Balchenstal
Balchenstan
Balchenstaner
Balchenstein
Balderen
Bali
Balm
Balmas
Balmischen
Baltenschwyler
Balth[assar]
Balth[aßer]
Balth[aßers]
Balthasar
Balthassar
Balthasser
Balthaßar
Balthaßen
Balthaßer
Balthaßers
Balthi
Balti
Baltis
Baltischwyl
Baltiß
Baltus
Baltys
Bannwart
Bannwarten
Bäntz
Bäntzen
Banwart
Banwarten
Banwartin
Bänzen
Baptist
Bär
Bar[egger]
Barb[ar]a
Barb[ara]
Barb[el]
Barba
Barbali
Barbar
Barbar[a]
Barbara
Barbarlein
Barbarli
Barbarlis
Barbel
Barbeli
Barbell
Barbera
Barbi
Barblen
Baregger
Bareggers
Bären
Barenberg
Bärenbubli
Bärenwirt
Bärenwirth
Bärenwirths
Bareters
Barether
Bäretschw[yl]
Bäretschwl
Baretschwyl
Bäretschwyl
Bärin
Bärlocher
Barreger
Barth
Barthle
Barthli
Bartholomei
Bartli
Bartli]
Bartlis
Barttli
Baschi
Baschion
Baschis
Baschiß
Bäschleri
Baschli
Baschlin
Baschlis
Basel
Basendingen
Baserstorf
Basilius
Basler
Bäsler
Baßerstorf
Basserstorff
Bat
Batellen
Baten
Bath
Bathe
Bathli
Batludis
Bättelgsind
Bätteljägi
Bättelordnung
Bätttag
Bauart
Bauermannin
Bauert
Baüger
Bauheri
Bauherin
Bauma
Bauman
Baümänli
Baumann
Baumannin
Baumanns
Baumans
Baumberger
Bäumelein
Baümeli
Bäümeli
Baümelins
Baumen
Baumgartner
Baur
Bauren
Bauren-Boden
Bauwert
Bauwstetter
Bawerin
Beat-Ludis
Beath
Bebelitzin
Bebi
Bëbi
Bebie
Bebieen
Bebilitz
Bebin
Bebinen
Bebischen
Bech
Bechel
Bechelr[üti]
Bechelrüti
Bechels
Bëchels
Bechelsrüten
Bechelsrüthi
Bechelsrüti
Bechelsrütren
Bechelsrütti
Bechtold
Bechtolden
Bechtoldin
Bechtolds
Beckenhanßen
Beckhen
Beedes
Beeidigung
Befalch
Begab
Begreiffende
Behüet
Beigel
Beisitzer
Bekënte
Beketrägere
Beketrägeri
Beketrägerin
Beklis
Beld
Bëld
Belden
Belials
Bemelte
Benandtlichen
Benckhen
Bendict
Bendl[ickon]
Bendlicken
Bendlickon
Bendliken
Bened[ict]
Benedict
Beninca
Bënnken
Bentz
Bëntzen
Benz
Bënz
Benzen
Berathen
Bërchtoldin
Bereinigung
Berentsch[wil]
Berentschwil
Berentswilano
Beretsch[wil]
Beretschwil
Beretschwyl
Bëretschwyl
Berg
Berger
Bergerin
Bergfelden
Bergvelden
Beringer
Berlein
Berli
Berliken
Berlikon
Berlin
Berling
Berlingen
Berlinger
Berlingeren
Bern[hart]
Bernbiet
Bernbiett
Berneg
Berner
Bernerbiett
Bernere
Berneren
Bernergebiet
Berneri
Bernerkrieg
Bernet
Berneten
Bernh[ard]
Bernh[ardt]
Bernh[art]
Bernhard
Bernhardin
Bernhardinen
Bernhardt
Bernhart
Bernharten
Bernhartinen
Bernner
Bernpiet
Berotschweil
Berrweiler
Bertscherin
Bertschi
Bertschicken
Bertschicker
Bertschiker
Bertschikon
Bertschin
Bertschinger
Bertschiß
Berüefte
Beschedigten
Bëscheli
Beschriben
Beschwerte
Besihe
Besinte
Bessler
Besslern
Bestimmte
Bestrafte
Beth[…]aur
Betheli
Bethli
Betlehem
Betli
Betraff
Betschwyl
Bettagsstühr
Bettend
Betthli
Bettli
Beügger
Beüggers
Beygel
Beygels
Beym
Biber
Bickel
Bickels
Bickhel
Bicklen
Bickli
Bicklin
Bidermanen
Bidermanin
Bidermannen
Bidermanns
Bidermans
Bietenholtz
Bietenholtzen
Bietenholz
Bifang
Bikel
Bikels
Biklen
Biklin
Bilckels
Bilgi
Billicken
Billing
Billingin
Binder
Binderin
Binders
Bindschädler
Bintzicken
Bintzickon
Bintziken
Bintzikomer
Bintzikon
Binz[ikon]
Binzicken
Binzicker
Binzickeren
Binzickon
Binzik[on]
Binziken
Binziker
Binzikon
Binzikonæ
Binzikoner
Birch
Birche
Birk
Birmannstorf
Birmenst[orf]
Birmenstorf
Birmenstorfer
Birmenstorff
Birmenstorffer
Birmenstorffs
Bischof
Bischoffzell
Bishëro
Bisicken
Bittet
Bizi
Bläsi
Bläsis
Blassen
Blattenbach
Blätter
Blauen
Blaüwler
Blei
Bleigenst[orfer]
Bleigenst[orfers]
Bleigenst[orfs]
Bleigenstorfer
Bleigenstorferen
Bleigenstorferin
Bleigenstorfers
Bleigenstorffer
Bleigenstorfferen
Bleigenstorffers
Bleigenstorfs
Bleigenstorpfer
Bleigestorfferen
Bleike
Bleuler
Bleüler
Bleulerischen
Bleulers
Bleülers
Bleüwler
Bleüwlers
Bleyen
Bleyin
Blib
Blickenstorffer
Blickenstorfferin
Blickenstorffers
Blicketschwyl
Bligenstorfer
Bligenstorferen
Bligenstorferi
Bligenstorferin
Bligenstorff[eri]
Bligenstorffer
Bligenstorfferi
Bligestorffer
Bliggenstorfer
Bliggenstorfers
Bligistorffers
Blikenstorffers
Blöchlinger
Blöchlingeren
Blöchlingers
Bloüeren
Blüemleins
Blüemli
Blüemlin
Blumin
Blümli
Blüni
Blünin
Blünis
Blüomli
Blüwler
Blybt
Blyckenstorffer
Blygenstorff
Blygenstorffers
Blygestorffer
Blygestorffers
Blygistorffer
Blygistorffern
Blygistorffers
Blykenstorfferen
Bod[mers]
Bodmer
Bodmer]
Bodmeren
Bodmerin
Bodmers
Bohl
Bol
Bol-Buben
Bolbuben
Böli
Bolis
Boll
Bollen
Boller
Bolleri
Bollers
Bollinger
Boltz
Bolz
Bolzen
Bolzische
Bon
Böndler
Bonnstädten
Bonnstädter
Bonnstätten
Bonnstetten
Bonst[etten]
Bonstädten
Bonsteten
Bonstëten
Bonsteter
Bonstetten
Bonstetter
Bonstetteren
Boonst[etten]
Boonstetten
Boonstetteren
Bortli
Bösch
Bosh[art]
Boshard
Boshart
Bosharten
Bossh[ard]
Boßh[art]
Bossh[art]
Bossh[arten]
Boßhard
Boßhart
Boßart
Boßart
Boßarten
Boßartin
Boßert
Boßharten
Boßhartin
Boßharts
Boswyl
Bottenweil
Boügerin
Boügger
Boüggerin
Boüggers
Braach
Braachmonat
Braachmonath
Brachet
Brændlini
Brägker
Braheten
Brämgarten
Brand-steür
Brand[enberger]
Brandenberger
Brandenbergers
Brandenbergs
Brandenburg
Brandenburgisch
Brandenburgische
Brandgeschädigte
Brändli
Brandlin
Brändlin
Brändlinen
Brandsthür
Brandstühr
Brändts
Brängarten
Bränner
Bränneren
Brännerhanß
Brännerhansen
Bränneri
Bränners
Bränngarten
Brantisen
Bränts-
Brätten
Brauslers
Brei[tingerus]
Breisgöüw
Breiten
Breiten-Matt
Breitenhansen
Breitenmatt
Breithansen
Breitinger
Breitingeren
Breitingers
Breitingerus
Breitten
Breitti
Brëmen
Bremg[arten]
Bremgarten
Bremgarter
Bremgartner
Bremgartnerinn
Brendli
Brëndli
Brendlin
Brendlins
Brëngarter
Brënndli
Brennerhansen
Brënngarter
Brënnwald
Brennwalden
Brennwaldin
Brennwaldinnen
Bretter
Bretters
Bring
Brodt-Uli
Brodwäger
Brög
Brogen
Brögen
Broseli
Broselins
Brosen
Brosi
Brosin
Brosis
Broßi
Brotschimmlin
Bröttlin
Broüß
Bröüß
Broüßen
Broüßin
Bruder-Albis
Bruderkilbi
Brüger
Bruggbacheri
Bruggbacherin
Bruggeri
Brugpacher
Brugpacheri
Brun
Brüncken
Brünckers
Brunen
Bruner
Bruners
Brüngen
Brünger
Brüngeri
Brüngerin
Brüngers
Brünggen
Brüngger
Brünggeren
Brünggers
Brunnenbaur
Brunnenbauren
Brunner
Brunneren
Brunnerin
Brunners
Brunnysen
Brunschwyler
Brunst-steür
Brunysen
Brütten
Brüwylerin
Bryner
Bryneren
Bryners
Brysgöüw
Bryßgoüw
Bubickheim
Bubicon
Bubiconensi
Bubiken
Bubikon
Bubikoner
Büblins
Büblis
Buchberg
Buchen[egk]
Buchenegck
Buchenegg
Buchenegk
Buchenek
Bucher
Buchers
Buchhalden
Buchholtz
Buchholz
Büchi
Büchin
Büchler
Buchli
Buchm[an]
Buchman
Buchmanin
Buchmanischen
Buchmann
Buchmannen
Buchmannin
Buchmanns
Buchmans
Buchß
Buchters
Buckfelix
Buckfelixen
Budis
Buebiken
Buebikhen
Buebikon
Buebs
Buechholtz
Büechler
Büechleri
Büechlers
Buechm[an]
Buechman
Büehler
Büel
Büeler
Büeleren
Büelerischen
Büelers
Büggeli
Bühel
Buheri
Buhl
Bühl
Bühler
Bühlern
Buhman
Buhr
Buk
Bukpaur
Bül
Bülach
Bülacher
Büler
Büleren
Bülerin
Bulers
Bülers
Büli
Büller
Bulod
Buloden
Bulodt
Buloths
Bum[an]
Buman
Bumann
Bumannin
Bumanns
Bumans
Bumen
Bungarten
Büntzli
Bünzli
Bünzlis
Buob
Buochholtz
Buochhöltzler
Buochman
Buochmans
Bur
Bürbel
Burchhard
Burcket
Burcketen
Burckh[ard]
Burckh[art]
Burckhardt
Burckhart
Burckharten
Bürcki
Bürckli
Büren
Burenen
Bureni
Burge
Bürge
Bürgenen
Burghalten
Bürgi
Bürgin
Bürgis
Bürgißeren
Bürgißin
Burgkard
Burgkhard
Bürglen
Buri
Burin
Bürin
Burinen
Buris
Burkh[ard]
Burkh[art]
Burkh[arten]
Burkhard
Burkhart
Burkharten
Burkhartischen
Bürkli
Bürkliß
Bürli
Bürlin
Burren
Burri
Busenthal
Bußenhausen
Bussenh[ausen]
Bussenh[ausen]
Bußenh[ausen]
Bussenh[usen]
Bussenhausen
Bußenhusen
Bußwirdig
Büßt
Buttenau
Buz
Buzen
Bygel
Bynebend
Bysitzer
Bysyts
C[a]l[endis]
C[aspar]
Cahtarina
Cahtrina
Cal[endis]
Cambli
Camblis
Cantzley
Capar
Capaul
Capel
Capelers
Capell
Cappel
Cappeler
Cappelers
Carli
Casp[a]r
Casp[ar]
Caspar
Casparli
Casparo
Caspars
Casper
Casperli
Caßpar
Cäsperli
Cäsperlis
Caspers
Catalogus
Catarina
Catechisation-ordnung
Caterine
Catharin
Catharina
Cather[in]
Catherin
Catherine
Catherinen
Cathr[y]
Cathri
Cathrina
Cathrineli
Cathrinen
Cathrinenmerkt
Cathrinli
Cathry
Cathryn
Cathryna
Catri
Catrina
Catrineli
Catrini
Catrinli
Catry
Cattarina
Chaffre
Chämaaß
Chämos
Chämoß
Chlephe
Chöllen
Chölli
Chr[isten]
Christen
Christens
Christes
Christi
Christian
Christin
Christina
Christingerin
Christmohnat
Christmonnat
Christo
Christoffel
Christoffell
Christoph
Christophel
Christophori
Christophoro
Christophorum
Christophorus
Christum
Christus
Chulm
Chunin
Chur
Chur-Pfaltz
Churer
Churpfaltz
Claus
Clausen
Clausen-Jageli
Clausli
Cläusli
Clauß
Claußen
Cleinfüg
Cleinfügen
Cleingret
Clementz
Clementzen
Cleophe
Cleopheæ
Cleophen
Clephe
Clepheli
Clephen
Cleve
Cley
Clihans
Clihansen
Cliheirichen
Clot
Clotemer
Cloter
Clotten
Cly
Clybabeli
Clyhans
Clyhansen
Cnonauw
Combe
Commendatoria
Commoditates
Componierte
Conf[er]
Confer
Conr[ad]
Conrad
Conraden
Conradin
Conrads
Conradt
Conradum
Conrat
Conrath
Consilium
Constantzen
Contra
Copia
Cor
Corinth
Corodi
Corodinen
Corradi
Corrodi
Costantz
Costantzen
Crauwer
Credere
Cristens
Cronenwirth
Cronnen
Crützer
Cu[…]
Cuentz
Culpandus
Cunctos
Cunrad
Cunradt
Cunraht
Cunrath
Cuntz
Cunz
Curand
Curi
D[en]
D[ie]
D[ürnten]
Da
Dâ
Daa
Daby
Dacheltzen
Dachsen
Dachsheim
Dachßen
Dagelschwang
Dagelschwangen
Dägerfelden
Dagersamen
Dagerschwang
Dagerschwangen
Dägerst
Däingen
Dallmannin
Dällwyl
Dalmannin
Dalmazer
Damahlen
Dämßeler
Danach
Dändliker
Dändlikeren
Dändlikers
Dängen
Daniel
Dänlikers
Danner
Danzer
Dänzler
Darauff
Darbei
Daruff
Dättliken
Datum
Dav[id]
David
Davidica
Davids
Dazenburen
Debis
Debiß
Debißen
Debus
Dec[ember]
December
Decenber
Decker
Deckers
Deebrunner
Deeg
Deies
Dellikern
Demnach
Den
Den10
Dendlicken
Dendliker
Dendlikers
Dene
Dentliker
Dentzlern
Dënzler
Denzlerin
Derenhalben
Dernebet
Derselb
Derwegen
Desgl[eichen]
Desgleichen
Desglichen
Desglychen
Deshalben
Deßgleich
Deßglichen
desTüelers
Deswëgen
Detwyl
Deus
Dickelm[an]
Dickelman
Dickelmann
Dickelmann]
Dickelmanns
Dickelmans
Dickerlin
Diderlin
Diderlis
Diebendorfferin
Dielstorff
Dienerin
Dieners
Diesenh[ofen]
Diesenhoffen
Dießen
Dießenbach
Dießenhoffen
Dießes
Dieter
Dieterich
Dieterichs
Diethegen
Diethelm
Diethelmen
Dietiken
Dietikhen
Dietikon
Dietlicker
Dietliker
Dietrich
Dietrichen
Dietspach
Dieweilen
Diewyl
Diggelm[ans]
Diggelman
Diggelmann
Diggelmans
Dikelm[an]
Dikelman
Dikelmann
Dikelmanns
Dikelmans
Dise
Disenbach
Disenh[ofen]
Disese
Diß
Dißer
Dißes
Dito
Döbis
Dödel
Dodels
Dödels
Dödli
Dokument
Dom[inica]
Domahl
Domahls
Döndler
Donstag
Dorenhanß
Dorffers
Dörfflingen
Dorffmeyern
Dorfmeier
Dörlerse
Dorli
Dornäbend
Dorothe
Dorothea
Dorotheli
Dorren
Dorrenhanßen
Dorumbe
Doryn
Dreüte
Dreüwte
Drey
Drittens
Dritter
Drothin
Drü
Dryne
Ds
Düben-Dorff
Dübendorff
Dübenfreülin
Dückli
Dudli
Dumbelen
Dunckel
Dunckel-Wys
Dunckelwys
Dünckis
Dunkels
Dünki
Dünkin
Dünkinen
Dünkis
Duntzenbacheri
Dupf
Dupff
Dups
Dupsen
Dupsinen
Dupß
Dupßen
Dupßin
Durenda
Durlach
Dürler-see
Dürlersee
Dürmintz
Dürnten
Dürst[alen]
Dürstal[en]
Dürstalen
Dürstali
Dürstel[er]
Dürstelen
Dürsteler
Dürsteleren
Dürsteleri
Dürstelerin
Dürstelers
Dürsteli
Dürstelis
Dürstels
Dürten
Durthaler
Duthaleri
Dutweilerin
dWängi
E[uer]
Eberhard
Eberharden
Eberhards
Eberhardt
Eberhardten
Eberhart
Eberhart]
Eberharten
Eberhartin
Eberl[in]
Eberlein
Eberlein]
Eberleinen
Eberleins
Eberlen
Eberli
Eberlin
Eberlinen
Eberlins
Eblin
Ebnetingen
Ecclesia
Ecclesiæ
ecclesiæqueTig[urinæ]
Echertdingen
Edicken
Edickon
Edicon
Edlibach
Edlibachen
Efferätticken
Efficax
Effingeren
Egg
Egger
Eggers
Eggk
Eggli
Egglihans
Egglin
Egglins
Eggstein
Eggwiesern
Egk
Egl[is]
Egli
Eglin
Eglinen
Eglins
Eglis
Eglisau
Eglisauw
Eglisaw
Eglisch
Eglischen
Egliß
Ego
Egyptenland
Ehaumer
Ehegaumer
Ehegaumer-dienst
Ehegaumerwahl
Ehesachen
Ehgaumerwahl
Ehrender
Ehrenspärger
Ehrensperger
Ehrhard
Ehrhart
Ehrism[ans]
Ehrisman
Ehrismans
Ehrli
Ehrlibach
Ehrlin
Ei[d]gnosch[afft]
Eich-Schür
Eichbühel
Eichholtz
Eichholtzer
Eichholtzers
Eichholz
Eigenheer
Eigenher
Einraumung
Einsidlen
Ek
Eli
Elias
Elisabeth
Elisenbeth
Elligkon
Ellikon
Els
Elsas
Elsaßer
Elsb[eth]
Elsbeht
Elsbehta
Elsbet
Elsbeten
Elsbeth
Elsbetha
ElsbethaTrüeb
Elsbethen
Elsbethli
Elsbethli]
Elseli
Elsen
Elsi
Elsin
Elß
Elß[beth]
Elßb[eth]
Elßb[etha]
Elßbet
Elßbeth
Elßbetha
Elßbethen
Elßbethli
Elßbetli
Elßbetta
Elßbettli
Elßbetz
Elßeli
Elßelins
Elßen
Elßi
Elßinger
Embrach
Emensberger
Empfehle
Empfelle
Empfellen
Empfieng
Engel
Engelb[ergers]
Engelberg
Engelberger
Engelbergers
Enis
Entdekte
Entheligung
Enthielte
Entlichen
Entschlos
Entschloße
Entschluge
Entschlugen
Entschuldigent
Entstuhnde
Eph
Epistola
Epprächt
Epprächten
Epprecht
Epprechten
Eprächt
Eprecht
Erbotte
Erckantnuß
Erdbrunst
Ergo
Erhard
Erhart
Erhielte
Erism[an]
Erisman
Erismann
Erismannin
Erismans
Erißman
Erkandtnus
Erkehnt
Erkhendt
Erkhënte
Erklährte
Erli
Ermahnete
Ermeldte
Ernd-predig
Ernd-predigen
Erneuwert
Erni
Ernii
Ernio
Ernis
Ernst
Ernsten
Erscheinung
Erschien
Erschreklich
Erschrockenlich
Erschynend
Erstlich
Erstlichen
Ersuche
Ertzinger
Ertzingeren
Ertzingeri
Ertzingerin
Ertzingers
Erwarthe
Erzenbühel
Erzinger
Erzingeri
Erzingerin
Esch
Escher
Escheren
Escheri
Escherin
Eschern
Eschers
Eschicken
Eschiken
Eschman
Eschren
Eslinger
Eslingero
Esslingen
Esslinger
Eßlingen
Eßlinger
Eßlingeren
Eßlingern
Eßlingers
Ester
Esterli
Esther
Estheren
Estherli
Etenh[ausen]
Etenhausen
Ettenhausen
Ettenhusen
Ettlich[er]
Eüphrasina
Europam
Eustachius
Eva
Excus[ierte]
Extrahirt
Extraordinar
Eyäkeren
Eych
Eygelthingen
Eynschlage
Ezech[ielis]
F[els]
Fabi
Fächen
Fæsi
Fæsii
Fäggschwyl
Fägschweil
Fahnenjunkher
Fahrmub
Fahrmubs
Fahrnuck
Fäichrühti
Falck
Falcken
Falckenstein
Faldeyin
Fällanden
Fälten
Fännerin
Fännermann
Farbtragen
Färli
Farnern
Farnuck
Fäsi
Fäsi]
Fäsis
Fäsius
Fäßi
Fäßi
Fäsis
Faßte
Februar
Februarii
Februarius
Federlein
Fëderwischin
Feeren
Feerner
Fegschw[eil]
Fegschw[il]
Fegschweil
Fëgschwyl
Fehr
Fehren
Fehren-Walsperg
Fehren-Walsperger
Feißte
Fel[ix]
Fel[ixen]
Feldbach
Feldeyin
Feli
Felici
Felix
Felixen
Felixlins
Felixlis
Fels
Felsen
Felßen
Felwers
Fëndlerin
Fëndr[ich]
Fendri
Fendrich
Fenner
Fënner
Fenneri
Fennerin
Fënnermann
Fer
Fereb[acher]
Ferebacher
Ferena
Ferenb[acher]
Ferenbacher
Ferenbachers
Ferli
Ferner
Ferwer
Fesi
Fesler
Feßi
Fëßi
Fessio
Feüersordnung
Feuerthalen
Feürers
Feürlaüfer
Feurthalen
Feürthalen
Fheürsteinin
Fheürtalen
Fheürthalen
Fheürthallen
Fierer
Filterscheüren
Finckh
Findseliges
Finis
Firstheinin
Fischb[ach]
Fischbach
Fischenthal
Fischenthaler
Fischenthaleren
Fischenthalers
Fischer
Fischeth[al]
Fischthal
Fißel
Flaach
Flaachen
Flach
Flach?
Flachsman
Flachsmann
Flachsmanns
Flachsmans
Flachßmann
Flachweil
Fleischschätzeren
Flentes
Flohr-Hoff
Fluerlingen
Flühen
Fluhener
Fluhner
Fluhnier
Flummenen
Flunteren
Fluorlingen
Flurlingen
Flürlingen
Flyßig
Fœlicem
Fœlix
Fogs
Folgind
Follkommen
Förchte
Fordert
Forster
Forster]
Forstero
Forsters
Forsterus
Fortgehen
Foster
Föster
Fosteri
Fösterli
Fösterlins
Fosters
Fr[eyen-Bub?]
Fr[eyen]
Frächenen
Frächens
Frage
Franckreich
Franckrich
Franckrych
Frank[rich]
Frankenreich
Frankr[eich]
Frankreich
Frankrich
Frankrych
Frantz
Frantzen
Frantzini
Frantzli
Frantzn
Frantzoßen
Franz
Franzos
Franzosen
Französischen
Franzoß
Fratres
Frauenmoos
Frauenmos
Frauenmünster
Frauenthal
Frauwen-fälder
Frauwenf[elder]
Frauwenfeld
Frauwenfelder
Fraüwenfëlder
Fre
Frei
Freien
Freien-amts
Freneli
Frener
Freners
Freni
Frëße
Freßheinis
Frey
Frey[i]n
Freyamtsuntervogt
Freyen-Bub
Freyen-Buben
Freyenbub
Freyenbuben
Freyheit
Freyin
Freyischen
Freyn
Frick
Fricken
Frickin
Frid
Friderich
Fridli
Fridöri
Fridöri]
Fridöris
Fridrich
Friederich
Frientz
Frientzen
Frientzin
Friesen
Frieß
Frießen
Frimann
Fritz
Fritzen
Friz
Frohmooße
Frohmos
Frohmoß
Frolich
Froneg
Frühl[ing]
Früzeitige
Früzitigen
Fryman
Frymann
Frymannin
Frymans
Fuchsen
Fuchsrüti
Fuchß
Füeßli
Fügli
Fuk
Fuken
Funck
Funcken
Funk
Funken
Fürauß
Furer
Fürer
Furer[s]
Fureres
Fureri
Furerin
Fürerin
Furers
Furrer
Furrers
Fürst
Fürsten
Füslin
Füßli
Füßlin
G'sanders
G'vater
G[…]li
G[roß]-Jagli
Gäbhart
Gäbi
Gadarenischen
Gagel
Galat
Gallen
Galli
Gallico
Gallicus
Gallm[ann]
Gallman
Gallmanischen
Gallmann
Gallmanns
Gallmans
Galman
Galmann
Galmen
Gält
Gam[…]ylers
Gamlicken
Gamlickon
Gamliken
Gamlikhen
Gammlicken
Gammlickon
Gammligken
Gampel
Gampelhanßli
Gampels
Gänff
Gängis
Gäntenwys
Gantner
Gantneren
Gantnerin
Gantners
Gartner
Gärwer
Gärwers
Garwid
Garwyd
Gasman
Gassenvögeln
Gaßer
Gaßers
Gaßman
Gäst
Gastgeb
Gätter
Gatticker
Gattickerin
Gattiker
Gattikers
Gattikon
Gatzenman
Gätzi
Gätzis
Gauchen
Gäzi
Gäzis
Geantwort[et]
Geberth
Gebetstund
Gebhart
Gëbhart
Gëbi
Ged[achter]
Gedachtes
Geigers
Gelben
Genes
Genf
Genff
Gënff
Genff]
Genffer
Geörg
Georgen
Geörgen
Gërber
Gereth
Gerhard
Gering
Geringin
Germania
Gerold
Gerolden
Gerstenegger
Gerweri
Gesamter
Geschach
Geschendung
Gespillt
Gester
Gestuhndend
Gestunde
Gex
Gfënn
Gfraget
Gheid
Gheids
Gheiße
Ghöch
Ghörst
Gibschwyl
Gibsern
Gibsers
Gibsschwyl
Gidi-Heinrichs
Gieb
Giger
Gilg
Gilgen
Gilgens
Gilgi
Gilgin
Gilgins
Gilgis
Gilgs
Gingi
Gioriußen
Girli
Girschweiler
Girschwileri
Girschwyler
Girschwyleri
Gisligen
Gisling
Glahrners
Glarnerischen
Glarus
Glaruß
Glasfreßer
Glatfelden
Glätlein
Glätli
Glätlin
Glätlinen
Glattfälden
Glattfelden
Glattfelder
Glattfelders
Glättlein
Glättleins
Glattli
Glättli
Glättlin
Glättlinen
Glättlins
Glättlis
Glättliß
Glättlischen
Glaub
Gleichwolen
Gletlein
Gletli
Glettli
Glettlin
Glych
Gnähm
Gnähmen
Gnehm
Gnehmb
Gnehmen
Gnehmin
Gnehmmen
Gnemb
Gnemm
Gnemmen
Göggels
Görg
Görgen
Görgli
Goris
Gorisen
Goriß
Gorißen
Gorißin
Gorius
Gos[au]
Gos[auw]
Gosau
Gosauer
Gosauw
Goshauw
Gosoviano
Goßau
Gossauer
Gossaueren
Goßauw
Goßauwer
Goßwyl
Göthin
Götschi
Götschin
Göttin
Göttins
Göttis
Gottlieb
Gottlieben
Göttschi
Gottschin
Göttschin
Götz
Götzen
Goügis
Goügisen
Gözen
Gr[oßen]
Gr[üningen]
Graafen
Graaff
Graafstal
Graf
Grâf
Grafen
Grâfen
Graff
Graffen
Gräffin
Graffstalh
Gräfin
Grämmeringin
Grämpeli
Grausam
Grebel
Grebelii
Grebels
Greblen
Gredt
Gregorius
Greht
Greiffensee
Gret
Greth
Grethen
Grethler
Grethli
Gretler
Gretli
Gretteli
Grettli
Grichtschreiber
Grießerin
Grießgraben
Grifensee
Griffensee
Grimm
Grob
Groben
Grobin
Groningano
Gröningen
Gröschli
Groshanß
Grosheinrichen
Grosholtz
Grosman
Groß
Grossin
Grossjagg
Groß-Heinrich
Groß-Jagli
Groß-Jaglis
Grösses
Großhanß
Großheini
Großheinrich
Grössi
Grössi
Großin
Großjaag
Großjâgg
Großjaggen
Großjagli
Großjog
Großjogli
Großjoglis
Großmann
Großmättli
Grössren
Grüeningen
Grüeninger
Grüenningen
Grüningen
Grüninger
Grüningeren
Grüt
Grütt
Gryffensee
Gsander
Gsanders
Gsang-schul
Gschach
Gschnitten
Gspött
Gstad
Gstein
Gstollen
Gü[n]ttharten
Gubel-Mann
Gubel-Mannin
Gubelman
Gubelmann
Gubelmannin
Gubelmans
Gublen
Gubler
Gubleri
Guet-mändlis
Guet-mëndliß
Guetmändlis
Gugel
Gugelheinis
Guggenbüel
Guggenbühl
Gugger
Guggerfrauen
Gugoltz
Guhlen
Gujer
Gujeren
Gul
Gulen
Guli
Gulli
Gündisau
Gündtartin
Guntelingen
Güntert
Günthardten
Günthart
Güntharten
Günther
Güntthart
Günttharten
Guotknëcht
Guotmendli
Guotmëndli
Guotmendlis
Gupff
Gutenschweil
Guteschwyl
Guthen
Guthin
Gütinger
Gutjahr
Gutt
Gutten
Gütterli
Gütterlis
Güttinger
Güttingerin
Güttingers
Gwanden
Gwerbin
Gwonheit
Gwunderet
Gyger
Gyger]
Gyrebad
Gyrenbad
Gyrsperger
Gyrsperger[s
Gyrspergers
Gysen[hart]
Gysenh[art]
Gysenhart
Gysligen
Gysling
Gyslingen
Gyslingin
Gysperger
Gyßlig
Gyßling
H[…]ßenweid
H[an]s
H[an]ß
H[anns]
H[anns]jacob
H[annß]
H[ans
H[ans]
H[ans]jacob
H[anß]
H[au]btm[an]s
H[au]btm[ann]s
H[au]btm[anns]
H[au]btmanns
H[einrich]
H[einrichen]
H[enrich]
H[uber]
H[ubers]
Ha[…]
Ha[n]s
Ha[nß]
Haab
Haarlachen
Haaß
Haaßen
Haberlig
Häberling
Habersaat
Habersaaten
Habersaath
Habersaathen
Habersaht
Habersahten
Habersath
Habersathen
Hablützel
Hablützels
Habs-lëhren
Habsleri
Hadlikon
Häfel
Häfelhanßen
Häfels
Haffmeren
Haffner
Haffners
Hafneren
Hagenbach
Hagenbuch
Hagenin
Haggenhölzlin
Hägi
Hägin
Hägingerin
Hägis
Hagners
Hagreiner
Hagreinerin
Halbberg
Halbheer
Halbheeren
Halbheerin
Halden
Haleggen
Hallaw
Hallenen
Hallnin
Hälmhuß
Hämberg
Hamers
Hammer
Hanauw
Hand]
Handelte
Händlin
Hanffg[arten]
Hanffgarten
Hangartneren
Hani
Hanibals
Hanns
Hannseli
Hannsen
Hannsle
Hannsli
Hannß
Hannßen
Hans
Häns
Hans-Heinr[ich]
Hanseli
Hanselis
Hansels
Hansen
Hansenbub
Hansheinr[ich]
Hansler
Hanslers
Hansli
Hänsli
Hanß
Hanßel
Hanßeli
Hanßelins
Hanßelis
Hanßen
Hanßenbuben
Hanßenbubs
Hanßli
Hänßli
Hapken
Hard
Harderi
Hardmeier]
Hardmeyer
Hardmeyers
Hartm[an]
Hartm[ann]
Hartm[ans]
Hartman
Hartmann
Hartmannen
Hartmanns
Hartmans
Hartmen
Hartzer
Has
Hasel
Hasen-Acker
Haslers
Hâß
Häßli
Häßlis
Haßin
Häster
Hastu
Hätte
Hattend
Hattwyler
Hattwylerfeld
Hauffgarten
Haumeßer
Haus?
Hauser
Hauseri
Hausheer
Hausi
Haüsli
Hausneren
Haußbesuchungsordnung
Haußer
Haußers
Haußheer
Haußheren
Haußherr
Haüßli
Hautzer
He
He[…]
He[r]nach
Hec
Hecht
Hechtwirths
Hed[ingen]
Hed[ingensis]
Hedingen
Hedinger
Hedingeren
Hedingers
Heerenberg
Heerli
Heerlin
Heerlis
Hefferschwyl
Heffingen
Heftig
Hegeriner
Heggen
Heggenbaben
Heggenkind
Heggenmeitli
Hegi
Hëgi
Hegi]
Hëgis
Hegken
Hegner
Hegner]
Hehr
Hei
Heideger
Heidegeren
Heidegg[er]
Heidegger
Heideggeren
Heideggers
Heidegk[er]
Heidegker
Heidegkers
Heidelberg
Heiden
Heidingen
Heidinger
Heidingeren
Heieri
Heigel
Heigels
Heiggleren
Heiliheirechen
Heilis
Heine
Heineli
Heinelis
Heinerich
Heinerichen
Heinerichli
Heini
Heinich
Heiniman
Heinimann
Heinimanno
Heinin
Heinins
Heinirch
Heinis
Heiniß
Heinnrich
Heinr[ich]
Heinr[ichen]
Heinrech
Heinrich
Heinrichen
Heinrichli
Heinrichlis
Heinrichn
Heinrichs
Heinricht
Heir[e]ch
Heir[rech]
Heirchen
Heirech
Heirechen
Heirechli
Heireli
Heiri
Heirich
Heirichen
Heiriman
Heiris
Heirli
Heißi
Heißi
Heißin
Heißt
Heiteni
Heiterschen
Heitersperg
Heitz
Heitzen
Heitzenheirichen
Heizenheirichen
Heklerin
Helchenberger
Hele
Helena
Helfferei
Helias
Hell
Hell-wirten
Helvetia
Hengetwis
Heni[man]
Heniman
Henimans
Hënkert
Hënkhart
Hennig
Henr[ich]
Henr[icus]
Henri
Henrich
Henrichen
Henrichli
Henricht
Henrici
Herbstmohnat
Herbstmonat
Herbstmonath
Herders
Hergëgen
Heri
Herian
Heringen
Herliberg
Herm[atschwyl]
Herman
Hermanin
Hermanns
Hermaschwil
Hermaschwyl
Hermaschwylen
Hermaschwyler
Hermaschwylers
Hermatschwiler
Hermatschwyl
Hermatschwyler
Hermetschw[iler]
Hermetschweilerin
Hermetschwiler
Hermetschwylerin
Herodias
Herrenberg
Herrliberg
Herrliberger
Herrman
Herschm[etlen]
Herschmettlen
Herstenstein
Herstensteinern
Hertenstein
Hertensteins
Hertzogen
Hes
Hesen
Heß
Heßen
Heßin
Hester
Hetlinger
Hettlingen
Hettlinger
Hettlingers
Heüel
Heümohnat
Heümonat
Heümonath
Heünenberg
Heüreihe
Heüri
Heüßer
Heüsser
Heüßerin
Heüßers
Heyen
Hierauf
Hierbey
Hiernebet
Hieruber
Hieruff
Hierwider
Hies
Hiesse
Hilli
Hillibubs
Hillis
Hilzingen
Himler
Himlers
Himmler
Himmler-bank
Himmlers
Hinc
Hinder-Burg
Hinder-Egg
Hinder-Medikhen
Hinderburg
Hinderegg
Hinnweil
Hinnwyl
Hinweil
Hinwil
Hinwyl
Hirsenbach
Hirßlanden
Hirtz
Hirtzel
Hirtzels
Hirtzen
Hirtzenwirth
Hirtzenwirthin
Hirtzlen
Hirzel
Hirzelium
Hirzels
Hirzenwirths
Hischwyl
Hitnau
Hitnauerschen
Hittn[au]
Hittnau
Hittnauen
Hittnauer
Hittnauren
Hittnauw
Hitzen
Hitzin
Hiz
Hiz[en]
Hizen
Hobenen
Hoch-oberkeitliche
Hochfelden
Hochgeachte
Hochgeachter
Hochoberkeitlich
Hochzeit
Hochzeitstunden
Höcklen
Hodler
Hof
Hoff
Hoffend
Höffingen
Hoffm[eister]
Hoffman
Hoffmann
Hoffmans
Hoffmeister
Hoffmeisteren
Hoffmeisters
Hoffstether
Hoffstetteren
Hofftheren
Hofman
Hofmann
Hofmannin
Hofmeisters
Hofstetten
Hofstetter
Hohdonstag
Hohendwiel
Hoheneggeren
Hoheneggeren?
Hohfalden
Hohnegger
Hohneggers
Hohtwiel
Hol[…]
Holder
Holderen
Holderi
Holders
Holenstein
Holensteins
Holhammer
Höli
Höll
Holland
Holländische
Hollder
Hollderß
Hollendische
Höller
Holofernes
Holtzh[ausen]
Holtzhalb
Holtzhalben
Holtzhausen
Holtzhaußen
Holtzhaußer
Holtzherr
Holtzhusen
Holzfuhren
Holzhalb
Holzhalben
Holzhausen
Holzhauser
Holzhauseren
Holzhußen
Holzschuh
Homberg
Homberg[er]
Homberger
Hombergerin
Hombergeris
Hombergers
Hombrächtiken
Hombrecht[ikon]
Hombrechtigken
Hombrechtik[on]
Hombrechtiken
Hombrechtikon
Honegerin
Honegger
Honeggeri
Honeggerin
Honeggers
Honegk
Höng
Höngg
Hop
Hopuli
Hopulis
Horgen
Horger
Horner
Hörnli
Hörnlin
Hornung
Höslers
Hoß
Hospinian
Hößlers
Hoßthri
Hotinger
Hottinger
Hottinger]
Hottingeren
Hottingern
Hottingers
Hotz
Hotz]
Hotzen
Hotzhalben
Hotzin
Hoz
Hozen
Hozio
Hozius
Hub
Huber
Huberen
Huberi
Huberin
Hubern
Hubers
Huberus
Hubheirichli
Hübscher
Hübschern
Hubschmid
Hudelbumpin
Hudellump
Hudenlumpenen
Hudenlumpin
Hudlers
Hueber
Hueberen
Hueberi
Hueberin
Hüeberlin
Hüeberlis
Huebern
Huebers
Hüetliberg
Hüetlinberg
Huffschmidin
Hug
Hugen
Hugin
Huginin
Hullen
Hulrich
Humbel
Humbelpaur
Humbrächticken
Humbrächtiken
Humliken
Hummel
Hundsgalgen
Hung
Hunger-Zëlg
Hüni
Hüninen
Hüningen
Hüninger
Hünis
Hünischen
Hünnwyl
Hüntwangen
Hüntwanger
Hünwyl
Huober
Huoberen
Huoberin
Huobers
Hüpermeitli
Hüppi
Hüpscher
Hüpscheren
Hüpscheri
Hüpscherin
Hüpschers
Hurete
Hürimans
Hürleman
Hürlemans
Hürlim[an]
Hürliman
Hürlimanin
Hürlimann
Hürlimanns
Hürlimans
Hürßel
Hürst
Hurter
Hurteren
Hurterin
Hurters
Hürtz[els]
Hürtzel
Hürtzels
Hürzel
Hürzels
Husen
Huser
Hüser
Huseren
Hüseri
Huserin
Husers
Hüsers
Hüsli
Hüslimann
Hüslin
Husraht
Husrahten
Husrahts
Husrathen
Hußen
Husser
Hußeren
Hußerin
Hußers
Hüßer
Hüßer
Hüßeren
Hüsseri
Hüsseri
Hüßerin
Hüsserin
Hüssers
Hüssers
Hüßers
Hüßer
Hüßler
Hüßlers
Hüßli
Hußr[aht]
Hußraht
Hußraht
Hußrahten
Hußrahtin
Hußrahtin
Hütleberg
Hutmacher
Hütten-fr[auw]
Hütten-fr[auwen]
Hynnwyl
Hynvillanæ
Hynwyl
I
I[andt]v[ogt]
Iac
Iacobi
Ianuarius
Iberg
Iesum
Ii
Iii
Ilg
Ill
Illen
Illg
Illin
Illis
Illnau
Illnouw
Illnow
Immanuel
Incommoda
Indien
Infractum
Iniuria
Inndeß
Inq[ui]r[endum]
Inquirendum
Insgemein
Insgleichen
Insgmein
Inzwüschen
Inzwüschend
Inzwüschet
Ioh
Iohannem
Irenthalben
Irgen[husen]
Irgenh
Irgenh[ausen]
Irgenh[usen]
Irgenhaus[en]
Irgenhausen
Irgenhauser
Irgenhusen
Iringers
Irminger
Irminger]
Irrio
Isaac
Isack
Isacken
Isacs
Iscarioth?
Iselsperger
Isicken
Isiken
Isler
Isleren
Islerin
Islers
Islisberg
Islisperg
Islißperg
Ismatter
Ismatters
Itzikon
Iv
Izicken
Iziken
Izikon
J[acob]
J[akob]
J[esu]
J[ohann]
J[ohannes]
J[un]gk[e]r
J[unke]rs
Jaag
Jaagen
Jaaggen
Jaaggenhans
Jac
Jac[ob
Jac[ob]
Jacb
Jacob
Jacoben
Jacobi
Jacobli
Jacoblins
Jacobs
Jacon
Jag
Jag[eli]
Jag[li]
Jage
Jagel
Jageli
Jagelins
Jagelis
Jagen
Jâgen
Jagenbub
Jagenmendli
Jagg
Jâgg
Jagg[eli]
Jaggel
Jaggeli
Jaggelis
Jaggels
Jaggen
Jâggen
Jäggen
Jaggenbuben
Jaggenhansen
Jaggi
Jaggin
Jäggin
Jaggli
Jagglis
Jägglis
Jägkli
Jägklin
Jaglen
Jagli
Jaglin
Jaglis
Jagliß
Jaglli
Jagly
"Jahr;Text"
Jahresprotokoll
Jak[ob]
Jakob
Jakobli
Jan[uarius]
Jan[uarius]1654
Jans
Janßen
Januarius
Jauchzer
Jean
Jeanne
Jedoch
Jegli
Jëner
Jerem[ias]
Jeremias
Jeremiassen
Jes
Jesu
Jesum
Jesus
Joachim
Joachims
Jöchelins
Jochem
Jochen
Jocob
Joder
Joderin
Jog
Jogeli
Jogelis
Jogeliß
Jogen
Jogenhansen
Jogenmëndli
Jogg
Joggel
Joggeli
Joggelis
Joggen
Joggli
Jogli
Joh
Joh[an]
Joh[ann]
Joh[annes]
Joh[annis]
Johan
Johann
Johann-Jacob
Johanna
Johannes
Johannesen
Johannesli
Johanni
Jonas
Jonen
Joos
Jör
Jören
Jorg
Jörg
Jörgen
Jörgli
Jori
Jöri
Jörin
Jöris
Jorli
Jörli
Jörlin
Jörlins
Jörlis
Jörlis]
Jos
Josebenen
Josen
Josep
Joseph
Josiah
Josiam
Josias
Joß
Jösli
Joßen
Jost
Josten
Josue
Josuo
Josur
Journal
Jsaac
Juchli
Juchlin
Jucker
Juckers
Juckher
Juckhers
Judas
Judica
Judith
Judithli
Judli
Juker
Jukhers
Julius
Jung[h]eini
Jungerheiri
Junges
Jungh[ansen]
Junghans
Junghansen
Junghanß
Jungheini
Jungholtz
Jungholz
Jungholzer
Jungholzers
Junius
Justina
K[aspar?]
K[l]agind
K[l]einbab
K[lein]
Käbi
Käferpauren
Kägi
Kägin
Kägis
Kaiserstuhl
Kälber-Loch
Kalbermättli
Käller
Källeren
Källerin
Källers
Kalls
Kaltenstein
Kaltensteins
Kalthans
Kalthanßen
Kamblenen
Kambli
Kamblin
Kamblinen
Kamblins
Kamblis
Kamblischen
Kämbten
Kammb[l]is
Kämmten
Kämos
Kämpfli
Kämpten
Kanspar
Kapf
Kappel
Kappeler
Kappelerin
Kappelers
Karers
Karpf
Karpfen
Karpff
Karpfin
Karphin
Karrer
Karrers
Käsen
Käseren
Käsheinr[ichen]
Käsheinrichen
Kasp[ar]
Kasp[er]
Kaspar
Kasparli
Kasparn
Kaspars
Kasper
Kasperen
Kaspers
Kästen
Kathari
Katharin
Katharina
Kathri
Kauer
Kaüffli
Käüffli
Kauffman
Kauffmann
Kaüfli
Kaüfli-bub
Kaüflin
Kaufman
Kaufmans
Kegel-platz
Kegi
Kegis
Kegler
Kehr
Kehrers
Keiser
Keiser[s]
Keiserin
Keiserlin
Keisers
Keiserstuhl
Keiserstuhler
Keiserstul
Keiserthul
Keißer
Keißerstuhl
Kellenträger
Keller
Këller
Kelleren
Këlleren
Kelleri
Kellerin
Këllerin
Kellers
Këllers
Kembten
Këmbten
Këmbter-Holtz
Këmbtner
Kempten
Këmpten
Këmpter
Kemten
Kendlibach
Kercher
Kern
Kernenmuß
Keßel
Keßelring
Kesslerin
Keüferin
Keüffli
Keüflin
Keüflins
Keyser
Keyserin
Keysers
Kham
Khonrat
Kienast
Kienasten
Kil[ch]meyer
Kilbe
Kilbegest
Kilben
Kilchberg
Kilchen-Goriß
Kilchengesang
Kilchenpfläger
Kilchenriet
Kilchenstreit
Kilchenstuhl
Kilchenthür
Kilchhalten
Kilchmur
Kilchsperger
Kilchspergeren
Kilchspergers
Killenbräüs
Killenbröüs
Kind-huser
Kindemansmülli
Kindenman
Kindenmann
Kindenmans
Kindenmeitli
Kindes-Manns
Kindhuser
Kindhusers
Kindliman
Kirchberg
Kirchen-gut
Kirchenbau
Kirchenfenster
Kirchenörther
Kirchenpflegers
Kirchensteür
Kirchenstühl
Kirchenstül
Kirchenstunden
Kirchenuhr
Kirchenwacht
Kirchhoffmuren
Kirchner
Kirchners
Kl[ein]
Kl[ein]-Bäretschwyl
Klage
Klagte
Klaus
Klausen
Klauß
Klaüsli
Klaüßli
Klefe
Klein
Klein-Bäretschwyl
Klein-Fügen
Klein-Fügin
Klein-Jagli
Kleinann
Kleinbarbel
Kleinbäretschwyl
Kleindorff
Kleindörfli
Kleiner
Kleineri
Kleinerischen
Kleinern
Kleiners
Kleinfüg
Kleinfügen
Kleingerwer
Kleingret
Kleinhans
Kleinhansen
Kleinhanß
Kleinhanssen
Kleinicken
Kleinickon
Kleiniken
Kleinjacoben
Kleinjag
Kleinjagli
Kleinjaglins
Kleinjog
Kleinjogen
Kleinjogli
Kleinr[udi]
Kleinr[udis]
Kleinrudi
Kleinruedi
Kleinrüedi
Kleinülis
Klejagli
Kleophe
Kleyenried
Kli
Klidi
Klidini
Klidins
Klidis
Klidiß
Klihansen
Kliheirichen
Klijag
Klijaggen
Klijagli
Klijaglin
Klijaglis
Klijogg
Klimeri
Klimmeri
Klin
Klingler
Klingler]
Klinglern
Klingn[auwer]
Klingnauw
Klingnauwin
Klinnen
Kljag
Klobi
Klobis
Kloster
Klösterli
Kloten
Kloter
Kloters
Klothen
Klother
Klöthi
Klotten
Klotter
Kly
Kly-Jageli
Klybarb
Klyfelixen
Klygrethen
Klyhans
Klyhansen
Klyhanß
Klyhanßen
Klyjag
Klyjageli
Klyjagli
Klyjaglins
Klyjaglis
Klyn
Klynann
Knächt
Knächten
Knall
Knebelis
Knëchtischen
Kneübrächerin
Kneüwbrech
Knollen
Knollers
Knollin
Knollis
Knon[auw]
Knonau
Knonauw
Knonouw
Knopffli
Knopfli
Knorzen
Knorzers
Knubel
Knubels
Knüpli
Knüsli
Knüßi
Knüßis
Knüßli
Knüßlin
Knüßlins
Kobis
Kobisen
Kobisin
Koch
Köchlein
Köchleins
Köchli
Köchlins
Köchlis
Koger
Köger
Kögeren
Kogeri
Kogers
Kögers
Koller
Kolleren
Köllerin
Kollers
Kölli
Kölliker
Köllikers
Kölschene
Kommend
Königstein
Konr[ad]
Konrad
Konrat
Konraten
Kopp
Körner
Körnern
Körners
Koßli
Kostet
Koüffin
Kraad
Kraamer
Kraamers
Kräbs
Kräbßen
Kräbsen
Krafftin
Krähmere
Krammers
Kratz
Kratz-Adamms
Kratzpürinen
Krauer
Kraueri
Krauers
Krauwer
Krauwerin
Krauwers
Krayenbüeler
Krebsen
Krebser
Krëbser
Krëpser
Kretz
Kretzen
Kreüchi
Kreüel
Kriese
Kriesin
Kriesinen
Kriesis
Krießi
Krießin
Krießis
Krießneren
Krod
Kronenwirths
Kroüwel
Kröüwel
Kroüwels
Krumb
Krüsi
Kryneren
Küb[l]er
Kubler
Kübler
Kübleren
Kübleri
Küblerjacob
Küblers
Küchlimutter
Küchlis
Kuder
Kuderß
Küechli
Küechlis
Küehhirt
Kuentz
Kuentzen
Küentzli
Kuenz
Küffers
Kühberg
Küheberg
Kühlimutter
Kuhn
Kuhnen
Kuhri
Kündig
Kündigen
Küng
Küngelis
Küngolt
Kunrad
Kuntz
Kuntzen
Kuntzin
Küntzli
Küntzlins
Küntzlis
Kunz
Kunzen
Kupfer
Kupfers
Küpffer
Küpfferli
Kupffers
Küpli
Kureten
Kuri
Kuris
Küris
Kurris
Kürsner
Kurtzhanßen
Kuser
Kußer
Küßnacht
Kutleri
Kybler
Kyblers
Kyburg
Kyburgensi
Kyburger
Kyburgi
Kyburgici
L[ang]
L[utzerner]
La[…]
Lachbur
Lachsnerei
Lachsnerei]
Lachsnerisch
Ladknechten
Ladmannin
Lagg[ey]
Lagg[eyen]
Laggey
Laggeyen
Laggeyn
Lähenpfenning
Lahli
Lähner
Lähnerin
Lähners
Lähnin
Lakeyen
Lalen
Lali
Lalis
Landbättel
Landererholz
Landert
Landerten
Landerth
Landerthen
Landerthin
Landertin
Landerts
Landicken
Landickon
Landiken
Landolt
Landolten
Landolts
Landprächtin
Landsacher
Läner
Lang-Heini
Lang-Uli
Langemaas
Langenhard
Langfuhr
Langhans
Langheini
Langheinis
Langmatt
Langnau
Langnauw
Languedoc
Langw[isen]
Langwiesen
Langwisen
Langwißen
Langwyßen
Läni
Länis
Länischen
Läntz
Läntzburg
Lantzen
Läntzen
Lass'
Lätsch
Lätschen
Lätten
Lättenacher
Lättengraben
Lättschinen
Lauffenried
Lauffenriedt
Lauffenrieth
Lauffer
Laufferen
Laufferin
Lauffern
Lauffers
Lauffhans
Lauffhansen
Lauffhanß
Laugnet
Laugnetend
Lauis
Lauperg
Lautenschlager
Lautenschlaherin
Lauwrin
Lavater
Lavaters
Lavatter
Lavatters
Lazarus
Lebend
Lee
Leeman
Leemannin
Leematth
Leen
Leerüti
Leheman
Lehmannin
Lëhners
Leichpredigen
Leidungen
Leimbach
Leimbacher
Leistetend
Lentzburg
Lentzburger
Lenzburg
Lenzen
Lenzenen
Lenzin
Leonh[art]
Leonhart
Lerna
Letenmaas
Letschen
Letzibub
Letzibuben
Leüen
Leuenwirth
Leüenwirth
Leüenwirths
Leühtenberg
Leüßthurn
Leüt[enant]
Leutenant
Leüthenampt
Leütold
Leütten
Leüw
Leüwen
Leybach
Lezibub
Lezibuben
Liber
Lieberger
Liebergerin
Liebergers
Liechtst[ubeten]
Liehr
Lienh[ard]
Lienhard
Lienhardt
Lienhardten
Lienhart
Lieni
Lienis
Lier
Lieren
Liget
Linck
Lindau
Lindauw
Lindauwer
Lindisch
Lindist
Lindouw
Lindouwer
Lindoviana
Lingen
Lingg
Lingg[…]
Linggen
Link
Linkh
Linkhen
Linsen
Linsi
Linsin
Linsis
Lipbuchers
Lis[abeth]
Lisab[eth]
Lisabet
Lisabeth
Lisabetha
Lisabethlin
Liseb[eth]
Lisebeth
Lisenb[eth]
Lisenbeht
Lisenbeth
Lisenbethli
Lisenen
Lisi
Lisin
Lismen
Lißab[eth]
Lißabet
Lißabeth
Lißebeth
Lißenbeth
Lißenbethli
Lißi
Lith[opolitanæ]
Lithopolitano
Litzebucher
Litzebuchers
Litzibacher
Litzibucher
Litzibucherin
Litzibuchern
Litzibuchers
Liz[ebuchers]
Lizeb[ucher]
Lizeb[uchers]
Lizebuch[ers]
Lizebucher
Lizebuchers
Lizenbuchers
Lizibucher
Lobten
Lobtz
Loche
Locher
Locheren
Lochers[?]
Lochman
Lochmann
Locus
Lohhansen
Lohren
Lohrli
Löhrlin
Lohts
Löndsch
Lonern
Lönsch
Loo
Looräckerli
Lorentz
Lorenz
Louis
Louis-thaler
Loüw
Loüwen
Löüwen
Löüwin
Louys
Löw
Löwen
Löwen-wirt
Loyen
Loysthaler
Lu[d]wig
Luc[as]
Lucerne
Lucerner
Lud[wig]
Ludenen
Ludenn
Luderetikon
Ludi
Ludis
Ludw[ig]
Ludwig
Luffingen
Lunern
Lupfer
Lüpfer
Lupffer
Lüsis
Lüsische
Lüsischen
Lußthurn
Lüßen
Lüßens
Lüßer
Lüßi
Lüßin
Lüßinen
Lüßins
Lüßis
Lüßtinen
Lutenschlagers
Luther
Lutheraner
Lütold
Lutz
Lutz[erner
Lützelsee
Lutzerner
Lux
Luxen
Lüzelsee
Luzerner
Lysin
Lysis
Lytzibucher
Lyzibucher
M[anu]
M[ei]st[e]r
M[önch]h[off]
M[ünchhoff]
Ma[r]chb[ach]
Ma[r]chbach
Maag
Maagen
Mad[len]
Madale
Madalena
Madel
Madelaine
Madele
Mäder
Mäderin
Mäders
Madetschwyl
Madle
Magd[ale]
Magd[alena]
Magdal[ena]
Magdale
Magdalen
Magdalena
Magdalena?
Magdalene
Magdalenla
Magdalenli
Mägenbub
Maggen
Magr[et]
Mähli
Mahtias
Mailän[d]ischen
Mäilen
Maius
Majus
Maler
Mammons
Manidorff
Mänidorff
Männidorff
Mantz
Mantz]
Mantzen
Manz
Manzen
Manzin
Mar-
Marc
Marchb[ach]
Marchbach
Marchp[ach]
Marckpach
Marei
Mareia
Mareieli
Mareyeli
Mareyen
Marg[areth]
Marg[eth]
Marg[r]ethlis
Marg[reth]
Margar[et]
Margaret
Margareth
Margaretha
Marget
Margeth
Margethli
Margr[et]
Margr[eth]
Margr[etha]
Margraffen
Margret
Margreten
Margreth
Margretha
Margrethen
Margrethli
Margretly
Margrett
Margretth
Mari
Maria
Mariam
Marie
Marien
Markwalder
Marpach
Marq[uis]
Martalen
Marthalen
Marthi
Marthin
Marthini
Marti
Martin
Martini
Martins
Martiny
Martis
Martius
Martti
Marx
Marxen
Marxinen
Marxli
Mâs
Maschw[anden]
Maschwan[den]
Maschwanden
Maschwander
Maßgaß
Mathæus
Mathe
Mathias
Mathis
Mathys
Mathysen
Mathyß
Mathyßen
Mätmenstetten
Matten
Matter
Matth
Matthæus
Mattheus
Matthias
Matthis
Matthiß
Matthyas
Matthys
Matthysen
Matthyß
Mättler
Mättmenstetten
Matzinger
Maurers
Max
Mäyen
Mayeren
Mazingen
Mdcl
Mdclii
Mdcliii
Mdclj
Mdclxix
Mdclxx
Mdclxxiii
Mdclxxiv
Mdclxxix
Mdclxxv
Mdclxxvi
Mdclxxvii
Mdclxxviii
Mdclxxx
Mdclxxxi
Mdclxxxii
Mdclxxxiii
Mdclxxxiv
Mdclxxxix
Mdclxxxvi
Mdclxxxvii
Mdclxxxviii
Mdcxci
Mdcxciii
Mdcxciv
Mdcxcv
Mdcxcvi
Mdcxcvii
Mdcxcviii
Mdcxl
Mdcxli
Mdcxlii
Mdcxliii
Mdcxliiii
Mdcxlix
Mdcxlv
Mdcxlviii
Mdcxxxvi
Mdcxxxviiii
Med[ikon]
Medi[khen]
Medicken
Medickon
Mediken
Medikhen
Medikher
Medikon
Mehrbemelter
Meidel
Meidels
Meien
Meier
Meieri
Meierin
Meierische
Meiers
Meiger
Meilen
Meili
Meilin
Meilins
Meilis
Meis
Meitlen
Mejer
Mejeren
Mejers
Melcher
Melchers
Melchior
Meldet
Mëndlis
Mendrys
Menidorff
Mentzi
Mentzis
Mentziß
Merckin
Meret
Mereten
Merishusen
Mesiken
Meßik[omer]
Meßmerdienst
Metler
Metmensteten
Metmenstetten
Mettlen
Mettler
Mettleren
Mettlerin
Mettm[en]st[etten]
Mettmannstädten
Mettmanstetten
Mëttmenhaßle
Mettmenstädten
Mettmenstetten
Mettmenstetter
Metzget
Mey-Winckel
Meyenberg
Meyer
Meyer]
Meyeren
Meyerhofer
Meyerhoferin
Meyerhoffer
Meyerhoffers
Meyerin
Meyern
Meyers
Meyli
Meylins
Meylis
Meysen
Michael
Michaelis
Michel
Micheli
Michell
Michellman
Michelman
Michelmans
Michels
Milchel
Misbruch
Miscellanea
Mitler
Mitthinzu
Möcht
Mock
Mockh
Möckhlin
Möggenen
Möggi
Möggis
Mok
Moken
Mokens
Mökli
Mölcher
Molitor
Mönch
Mönchh[hof]
Mönchh[off]
Mönchhoff
Monsieur
Moorff
Moorfin
Moosin
Morath
Morathen
Moreths
Morets
Morfen
Morff
Morffen
Morfin
Morhard
Morharden
Morhards
Moris
Morisen
Moriß
Morißen
Morißin
Moritz
Moritzen
Moriz
Morndriges
Moroff
Mortua
Mos
Möschen
Muggenbühl
Muggli
Mugglin
Mühliberg
Muhrer
Muhrers
Müler
Mülhaußen
Müliberg
Müliberger
Müll[ers]
Müllerbuben
Mülleren
Müllerheinis
Mülleri
Müllerinnen
Müllerischen
Müllern
Müllers
Müllhaubt
Müllhaupt
Müllhaupten
Müllhauser
Mülli-Krah
Mülliberg
Müllihaubt
Müllikrah
Münch
Münch-Altorff
Münchaltorff
Münchhoff
Münnster
Münster
Murahlt
Muralten
Muraltt
Murer
Mureren
Mureri
Murerin
Murern
Murers
Murgaß
Murri
Muschg
Musc
Muscen
Muscg
Muser
Müsli
Mußti
Mußtis
Mußtend
Mußti
Müßli
Müßlin
Müßtindts
Mütispach
Muttschellen
Myn
N
N[eüe]
N[ördlinger]
Nabedt
Nachdeme
Nachfreffel
Nachmitag
Nachrichtliche
Nacht-ürten
Nachtheiliges
Nächtlich-unwesen
Nächtliches
Nachtrag
Nachtschul-ordnung
Näf
Näf]
Näfen
Näff
Näffen
Näfin
Nagel
Nagelbub
Nägeli
Nägelin
Nägelinen
Nägelins
Nägelis
Nähergrettli
Najeren
Nauwern
Näyeri
Nayerin
NB
Neben
Nebentwirth
Neesen
Nefen
Nëfen
Neff
Neffen
Neffenhauß
Neftenbacensium
Nëgeli
Negroponte
Nei
Nein
Nempe
Nerach
Nesen
Nesplen
Neü
Neüamt
Neübaur
Neübäüri
Neübaurin
Neübaürin
Neübäürin
Neüe
Neüenhausen
Neüenhauß
Neüferen
Neügut
Neuguth
Neüguth
Neüjahrwein
Neüner
Neüschuh
Neüw-Husen
Neüwbruch
Neuwe
Neüwgueth
Neüwgut
Neüwhuser
Neüwhusers
Newbur
Nëwhus
Newhusers
Nichterscheinende
Nicklaus
Niclaus
Niclausen
Niclauß
Niclaußen
Niderdorf
Niderdorff
Niderflachs
Niderglat
Niderglatt
Niderholtz
Niderhus
Niderland
Nideruster
Niederhöri
Niefergalt
Niefergält
Niefergälten
Niefergaltz
Niefergältzen
Niefergelt
Niefergelt]
Niefergelten
Niefergelts
Nieffergält
Nieffergelt
Nierickers
Nieriker
Nievergälten
Nievergelt
Nievergëlt
Nievergelten
Niggb[erg]
Niggberg
Niggenberg
Niggenthal
Nimbt
Nobis
Noht
Noll
Nöller
None
Nör[d]linger
Nor[linger]
Nord[linger]
Nörd[linger]
Nordl[inger]
Nördl[inger]
Nordli[nger]
Nordlinger
Nördlinger
Nörli[nger]
Nörlinger
Not[a]
Nota
Notæ
Nöüwer
Novemb[e]r
Novemb[er]
November
Nübruch
Nüerenstorff
Nufer
Nüffergaltz
Nüffergaltzen
Nüffergelt
Nüforen
Numis
Numißin
Nummis
Nummisen
Nunquam
Nürenberger
Nürenstorff
Nüristorff
Nüristorfferen
Nüscheler
Nüsli
Nüßleren
Nüßli
Nüßlin
Nüw
Nüw[huser]
Nüwburen
Nüwhuser
Nüwhusers
Nyffergaltz
O
O[ber]
O[ber]dürnten
O[tt]
Ober
Ober-Dorff
Ober-Otticken
Ober-Ottiken
Oberbösch
Oberdorf
Oberdorff
Oberdorffer
Oberdürnten
Oberglat
Oberglat]
Oberglatt
Oberhasle
Oberhaßlen
Oberhitn[au]
Oberhitnau
Oberhitt[nau]
Oberhittn[au]
Oberhittnau
Oberhittnauw
Oberhof
Oberholtz
Oberholtzer
Oberlenderen
Obermann
Obermetmenstetten
Oberried
Obersten
Obertaleren
Oberthal
Oberthaler
Oberthaleren
Oberwacht
Oberweg
Oberweil
Oberwetzicomer
Oberwetzikommer
Oberwetzikoner
Oberwinterthur
Oberwolffshußen
Oberwyhl
Oberwyl
Oberwylen
Oberzellte
Obged[achte]
Obgesetztes
Obrist
Obristen
Obszehnden
Ochsner
October
Oetenbach
Offer
Ohnverhofft
Ohrn
Opfiken
Ophrion
Oppikeri
Oppikofferi
Oprächtin
Ordentliche
Ortli
Orttli
Orttlis
Oschleten
Oschwalden
Oseli
Osli
Oslins
Ossingen
Oßli
Oßlis
Oßwald
Oßwalden
Oßwalds
Osterwalderen
Oswald
Oswalden
Othmar
Othmars
Ott
Otteli
Otten-hausen
Ottenbach
Ottenbacheren
Ottenhausen
Otticken
Ottik[er]
Ottik[ers]
Ottiken
Ottiker
Ottikeren
Ottikers
Ottikon
Ottilia
Ottli
Ottwil
Oügsten
Oügsteren
Oügstnen
Ouw
Pahli
Palam
Palatinatu
Pali
Palin
Palis
Palm
Pantli
Paradeiß
Parenberg
Passauer
Paßauwerischen
Patzer
Pauli
Paulus
Paur
Pauren
Paurin
Peier
Peierin
Peiers
Pejerin
Pëld
Pelicanen
Pesten
Peter
Peteren
Peterin
Peterli
Peters
Pett[er]
Petter
Petteri
Petterli
Petters
Peügger
Peüggers
Peüggerschen
Peyers
Pf[ister]
Pfäfficken
Pfäffik[on]
Pfäffiken
Pfäffiker
Pfahrwiberstuhl
Pfaltz
Pfalz
Pfänninger
Pfef[ikon]
Pfëffcken
Pfefficken
Pfëfficken
Pfëfficker
Pfeffik[en]
Pfeffiken
Pfëffiken
Pfeffikon
Pfëffikren
Pfeifer
Pfeifers
Pfeiffers
Pfëniger
Pfeninger
Pfëninger
Pfeningeren
Pfeningeri
Pfeningerin
Pfeningers
Pfëningers
Pfenninger
Pfënninger
Pfenningeren
Pfënningeri
Pfenningerin
Pfenningers
Pffalz
Pffälzers
Pfiffer
Pfiffers
Pfilipp
Pfister
Pfisteren
Pfisterin
Pfistern
Pfisters
Pfuch
Pfyn
Philipp
Philipsthaler
Piemont
Piemonteser
Piemonteseren
Piemontesische
Piemontesischen
Piemonth
Pisc
Pistori
Pitte
Polier
Poliphan
Popeltzen
Popeltzer
Postr[idie]
Potz
Præcognita
Præsenta
Pragelas
Pred[igern]
Predig-wacht
Predigwachten
Prisken
Prißgäuw
Prophen
Provb
Provosen
Prußen
Psa[l]menb[ücher]
Psalm
Pueri
Pündten
Pündterin
Pündtnerin
Puren
Puren-Rudli
Purin
Pürin
Pürlins
Purlis
Pürlis
Puysieux
Q[uæstio]
Q[uod]
Quælibet
Quæstor
Quartum
Quil[ibet]
Quilibet
Quittung
R[ahts]
R[e]g[e]l
R[espondit]
R[esponsum]
R[ichter]
R[odolf]
R[odolff]
R[udi]
R[udolf]
R[udolff]
R[üschlicken]
R[üschliken]
Raadt
Raagin
Raaß
Rafenspühl
Raffenspühl
Raffenspühlers
Raffzer
Raffzerfäld
Rafz
Rafzer
Rafzerfelder
Ragel
Rägel
Rägeli
Rägenstorf
Raggenthal
Rägi
Rägula
Rahd
Rahn
Rahnen
Rahnin
Rambsen
Ramenhansen
Ramensp[erger]
Ramensperger
Ramensperger]
Ramenspergers
Ramespergers
Ramlihans
Ramlis
Rammenspergen
Rammensperger
Rammpin
Ramsen
Ramser
Randegger
Randeggers
Ränwäg
Raperschweil
Raperschwyl
Raperschwyler
Rappengass
Rapperschweil
Rapperschwil
Rapperschwyl
Raptim
Rätschlerin
Rea
Recept
Rechenmacher
Reelstabin
Reeß
Reg[el]
Reg[ula]
Regel
Regela
Regeli
Rëgeli
Regelin
Regensperg
Regenstorff
Regessit
Regi
Regina
Rëgla
Regli
Regul
Regula
Rëgula
Regulam
Rëgulam
Reichenau
Reif
Reifen
Reiffen
Reiffer
Reimann
Reinarten
Reinhart
Reipach
Reisel
Reisels
Reiß
Reißel
Reithaarin
Reitharin
Relator
Relatores
Reliquis
Rellst[ab]
Rellstab
Rellstaben
Rellstan
Relstab
Relstaben
Remediert
Remi
Remis
Rennweg
Renweg
Replica
Resp[ondit]
Respondebat
Retsch
Rëtschleri
Reüßgeschäfft
Reüßli
Reüti
Reütlingers
Reverendo
Rhanen
Rhein
Rheinauw
Rheinthal
Rheyn
Rhonbrugken
Rhyn
Rhynacher
Rhynauw
Ribaker
Richt-
Richtenschweiler
Richtenschwil
Richtenschwyler
Richterschweil
Richterschwyler
Richtischweiler
Rieder
Riederin
Rieders
Riedikon
Riedt
Rieth
Riethwys
Rietwys
Riff
Rifferschweil
Rifferschweiln
Rifferschwyhl
Rifferschwyl
Rigi-Berg
Rinderk[nächt]
Rinderk[nächts]
Rinderknächt
Rinderknächten
Rinderknächtin
Rinderknächts
Rinderknecht
Rinderknëcht
Rinderknechten
Rinderknechtin
Rinderknechts
Rinderli
Rinderlin
Rinderlins
Ring-Wyl
Ring-Wyler
Ringer
Ringern
Ringers
Ringgen
Ringger
Ringgeren
Ringgers
Ringliken
Ringlikon
Ringweil
Ringwyl
Ringwyler
Ritterhus
Ritzmennin
Rizman
Rizmann
Robank
Robenh[ausen]
Robenhausen
Robenhauseren
Rod[olff]
Rod[olph]
Rod[olphi]
Rodolf
Rodolff
Rodolffi
Rodolph
Rodolpho
Rodolphus
Rofenspühl
Rogenmasers
Rogenmoser
Rogenmosers
Roht
Rohth[ansen]
Rohthans
Rohthansen
Rohthanß
Rollenbutzen
Rom
Römeren
Rorbas
Rorbaß
Rorbis
Rosenberger
Rosenbergerin
Rosenstockhin
Rossbergers
Rößli
Rösli
Rotenstein
Roth
Rothansen
Rothanß
Rotheini
Rotheinis
Rothheini
Rotin
Rotten
Rottenstein
Rötterbach
Rotthanßen
Rubel
Rubels
Rubelt
Rubelten
Rubli
Rublin
Rubliß
Rubolt
Ruch
Ruchen
Rud
Rud[olf]
Rud[olff]
Rud[olfs]begëhren
Rud[olpf]
Rud[olph]
Rüde
Rudeli
Rüdeli
Rudelis
Rudi
Rúdi
Rüdi
Rudins
Rudis
Rüdis
Rudli
Rüdlingen
Rudlis
Rudolf
Rudolff
Rudolffen
Rudolffs
Rudolph
Rudolphen
Rudolphum
Rudy
Ruedi
Rüedi
Rüediß
Rueff
Rüeg
Rüegen
Rüeger
Rüegg
Rüeggen
Rüegger
Rüehrte
Rüeschl[ickon]
Rüeschlickon
Rüeschliken
Rüetschi
Rufen
Ruff
Ruffin
Rüg
Rüger
Rügg
Rüggen
Rüggin
Rüggis-Altorff
Rüggs
Rühti
Rümbeli
Rümbelin
Rümeli
Rümelin
Rümlingen
Rummeldickon
Rümmlang
Rumpump
Ruod
Ruoff
Rüoger
Rüöger
Rüotschi
Rüotschis
Rupper
Rüschl[iken]
Rüschlicken
Rüschlickon
Rüschlickoner
Rüschlickoneren
Rüschlickonneren
Rüschliken
Rüschlikon
Rusikon
Russicken
Rußer
Rußickerin
Rußikon
Rüß
Rüßgschëfft
Rüter
Rüteren
Rüterschwyl
Rüthi
Rüti
Rütiman
Rutsch
Rütsch
Rutschen
Rütschen
Rütschi
Rutsperg
Rütterei
Rütti
Rüttiman
Rutzin
Rychenauw
Rychners
Ryck
Rycken
Ryckh
Ryfel
Ryfen
Ryff
Ryffen
Ryffin
Ryken
Ryß
Rythsail
s'Felixen
S[alutem]
S[iehe]
S[umm]a
S[umm]arum
S[umma]
Sabbatfeyer
Sabi
Sabin
Sabina
Sabinen
Sagend
Sagenmann
Sägnerin
Säklin
Saland
Saletz
Salom[on]
Salome
Salomo
Salomon
Saltzman
Saltzmann
Saltzmans
Salzmann
Salzmans
Sam[uel]
Sambsttags
Sammtman
Sammuel
Samptman
Samtman
Samuel
Samuelen
Sän
Sand-Bühlers
Sandbühel
Sandgrube
Sandgruben
Sandhalden
Sandmeier
Sänger-stuelbesetzung
Sanndt-Bühel
Sänns
Sara
Sarganser
Satans
Sattleren
Saüe-Uli
Saühirt
Sauter
Sauterers
Sauters
Sautters
Savoy
Sax
Saxen
Sch[w]äher
Schachen
Schädler
Schädlers
Schærer
Schaffhausen
Schaffhauß
Schaffhaußen
Schaffhusen
Schaffhuser
Schafhusen
Schalchen
Schalken
Schällenberg
Schällenberg]
Schällenbergen
Schällenbergers
Schällenburg
Schänckel
Schänckels
Schank
Schänkel
Schaphusii
Schär
Schärerin
Scharers
Schärmichleren
Schärmichleri
Schärrer
Schärrers
Schatli
Schätti
Schattlini
Schaub
Schaubschner
Schaufelberg
Schaufelberger
Schaufelbergeren
Schauffelberger
Schaüwer
Scheitl[er]
Scheitler
Scheitleri
Scheitlerin
Scheler
Schellen
Schellenb[erg]
Schellenb[ergs]
Schellenberg
Schëllenberg
Schellenberg]
Schellenbergen
Schellenberger
Scheller
Schellerlüthen
Schellers
Scherer
Schererlohn
Schetti
Scheüblin
Scheüchtzer
Scheüchzer
Scheüchzern
Schieggen
Schiene
Schiffmennin
Schikhte
Schilli
Schillis
Schindlerin
Schintz
Schintzen
Schintzin
Schlaht
Schläpphans
Schläpphänßen
Schlatt
Schlatter
Schlatteren
Schlatters
Schlatth
Schlattren
Schlehentall
Schlehenthal
Schlieren
Schlucker
Schluffi
Schlumpf
Schlumpfen
Schlumpff
Schmid-Rüthi
Schmiden
Schmidenen
Schmidhansen
Schmidin
Schmidinen
Schmidlenen
Schmidli
Schmidli]
Schmidlins
Schmidlis
Schmidt
Schmidts-sohn
Schmied
Schmieds
Schmukleins
Schmukli
Schnabel
Schnebeleins
Schnebeli
Schnebelin
Schnebelinen
Schneckh
Schneckhen
Schnefeli
Schneiderbehni
Schneiderin
Schnetzer
Schnetzeren
Schnewli
Schnidererhänslis
Schniderfreüeli
Schniderhänsli
Schniderhanßen
Schniderheinrichs
Schnideri
Schniderin
Schniderlins
Schniderlis
Schniderlisfreüli
Schnorff
Schnorffen
Schnorffin
Schnüpffers
Schnützeren
Schnüzeren
Schnyder
Schnyderin
Schoch
Schochen
Schochin
Schöchle
Schöchli
Schohren
Schola
Schölmenstuck
Schonau
Schönau
Schonauw
Schönauw
Schönenberg
Schönenberger
Schoren
Schörli
Schorritzer
Schössen
Schot
Schötli
Schott
Schotten
Schöttli
Schraaf
Schraafen
Schraff
Schrafin
Schrag
Schragg
Schragin
Schrämli
Schräpfferi
Schremli
Schriben
Schriebe
Schrötter
Schryber
Schryberin
Schrybers
Schrybs
Schuchmacherin
Schüchtzer
Schüchtzeren
Schüchzer
Schüchzeren
Schüchzers
Schüeber
Schufelberg
Schufelberger
Schufelbergern
Schufelbergs
Schuffelberg
Schuffelberger
Schuffelbergers
Schuh[macher]
Schuhemacher
Schuhmacherin
Schulbefreiung
Schulheßin
Schulm[eiste]rs
Schulmeisteri
Schulth[eß]
Schultheiß
Schulthesen
Schultheß
Schultheßen
Schumacherin
Schumpers
Schup
Schüp
Schuppen
Schüppen
Schuppin
Schüppin
Schürheini
Schuriemen
Schürli
Schürlins
Schurter
Schurters
Schussen
Schüzen-hus
Schw[eitzer?]
Schwaab
Schwaaben
Schwaabenland
Schwab
Schwab-Hänslis
Schwabel[and]
Schwaben
Schwâben
Schwäbenen
Schwabenland
Schwabin
Schwäbin
Schwamendingen
Schwarben
Schwarber
Schwarberen
Schwarberin
Schwarbers
Schwartz
Schwartzen
Schwartzen-Bachs
Schwartzenb[ach]
Schwartzenbach
Schwartzenbachen
Schwartzenbachs
Schwartzenmans
Schwartzhansen
Schwartzmünggeli
Schwartzwald
Schwarzenbach
Schwarzhans
Schwarzhansen
Schwëbin
Schweige
Schweigind
Schweiter
Schweiters
Schweitzer
Schweitzeri
Schweitzerin
Schweitzern
Schweitzers
Schweizer
Schweizern
Schwellbrunnen
Schwelli
Schwëndi
Schweret
Schwertzenbach
Schwertzenbachs
Schwertzenmanns
Schwerzenbachen
Schwetzer
Schwilch
Schwilchen
Schwilchi
Schwitzer
Schwizeren
Schwobenen
Schwöbenen
Schwöbin
Schwobshoff
Schwytzer
Schwytzers
Schwyzer
Schwyzern
Scorpi
Seckelhanßen
Seebach]
Seebachen
Seegräben
Seegreben
Seegrebner
Seellenbüren
Segl[ingen]
Seglingen
Segreben
Sehe
Seidler
Seiginds
Seilden
Seilriten
Seit
Seldebüren
Seldenb[ühren]
Seldenbühren
Seldenbüren
Selenbüren
Sellenb[üren]
Sellenbühren
Sellenbüren
Sellenbürer
Sellnauw
Senhüßer
Senn
Sënn-Uli
Sennen
Sennhoff
Sennhüser
Sennhüßeri
Sennscheür
Sennwald
Sept[ember]
September
Septembr[is]
Sequitur
Seßler
Seüzach
Seynd
Sezlingen
sHansen
Siber
Siberin
Sibers
Sibihla
Sibilla
Sibillen
Sibylla
Sidenheiri
Sidlern
Sidlers
Sie
Sifartli
Sifrid
Sifrids
Sig
Sigen
Sigentaller
Sigg
Siggen
Siggin
Sigi
Sigis
Sigmund
Sigrist
Sihest
Silbers
Silherr
Simen
Simens
Simes
Simler
Simmen
Simond
Singerin
Singerstuhl
Singerstühl
Singerstul
Sinneß
Sintenmahl
Sintharo
Sirnacher
Sirnachers
Sodann
Sodoma
Solchem
Solcourtin
Soler
Sollen
Soller
Söllind
Solomon
Solomons
Solothurn
Sonnen
Sonntag
Sonntagjagen
Sonntags
Sontag-schießen
Sontag-trinkhen
Sontagwirten
Sophey
Soüwstecken
Sp[iegel]b[erg]
Spalinger
Spalingers
Spallinger
Spallingers
Spaltenstein
Spaltensteinen
Span
Spani
Spannweid
Spannweide
Spannweyd
Spanweid
Spanweide
Spätere
Spattes
Spatz
Spatziren
Specker
Speckers
Speckhers
Speckhin
Specklers
Speker
Spekhers
Spëkmans
Spem
Spend
Spënd
Spendarme
Spendmeister
Sperli
Sperlins
Sperrli
Spiegelb[erg]
Spiegelberg
Spielman
Spiesin
Spieß
Spießen
Spießenhaubtmann
Spihlbuben
Spihler
Spihler?
Spillbuben
Spiller
Spillman
Spillmann
Spillmanns
Spillmans
Spilmann
Spiris
Spittel
Spitteljagli
Spitzer
Spizer
Spizers
Spizhansen
Spörenen
Spori
Spöri
Spöribub
Spöribuben
Spörin
Spörinen
Spöris
Spörri
Spörrinen
Spörris
Sprach
Sprächer
Sprächerin
Sprächers
Sprecher
Sprëcher
Sprechers
Sprenger
Sprengerin
Sprengers
Sprengler
Spycher
sRothen
Spittelen
Säühirt
Söüwstecken
St
Stachelis
Stachißen
Stachlin
Stad
Stadel
Stadelhoffen
Städeli
Stadler
Stadleren
Stadlerin
Stadlers
Stadman
Stadmans
Stäfa
Stäfen
Stäffen
Stäheli
Stahels
Stähli
Stähliß
Stählischen
Stäli
Staliken
Staliker
Stälin
Stälis
Stall[ikhen]
Stallicken
Stallicker
Stallickon
Stalliconensi
Stalliken
Stalliker
Stallikhen
Stallikher
Stallikon
Stamheim
Stamhemii
Stammbaum]
Stammen
Stammer
Stampfenbacher
Starkeleins
Stättbachers
Stattforen
Stauben
Stauber
Stauber]
Staubin
Stëdeli
Stëdelin
Stefa
Stefan
Steff[a]ns
Steff[an]s
Steffan
Steffans
Steffen
Stëffen
Steheli
Stehelins
Stëhle
Stehli
Stehlin
Stëhlin
Stehlinen
Stehlins
Stehlis
Stehlischen
Stehliß
Steinæ
Steinanæ
Steinb[rüchel]
Steinbrüchel
Steinbrüchel]
Steinbrüchelen
Steinbrüchels
Steinbrücher
Steinbüchel
Steinbühel
Steinbülen
Steinegger
Steiner
Steinerin
Steinicken
Steinigken
Steinman
Steinmaur
Steinmur
Steli
Stelin
Stelins
Stelis
Stellete
Stelte
Steltzer
Stelzen
Stelzer
Stëlzer
Stepacher
Steph[an]
Stephans
Steppacher
Steppacheri
Steppachers
Sterk
Sternenwihrt
Stëtt-Bächer
Stettb[acher]
Stettbacher
Stettbacherin
Stettbachers
Steuer]
Steyren[?]
Stheli
Sthëli
Stiebeli
Stierlin
Stifels
Stiffel
Stig
Stihlständ
Still-ständ
Still-stands-sachen
Stillstähnd
Stillstandbuch
Stillständerstul
Stillstands-protocoll
Stillstandsbestellung
Stillstandssachen
Stilstands-gnößige
Stilstandsordnung
Stock-Rühti
Stock-Rüthi
Stocker
Stockeri
Stockers
Stocki
Stockrüthi
Stofels
Stöffel
Stoffels
Stoker
Stokers
Stoll
Stollen
Stoltz
Stoltzen
Stolz]
Stöphin
Stößel
Stößels
Stösel
Stösel
Stösels
Stöslen
Stöslin
Stößlin
Stößli
Str[ähler]
Straam
Straaser
Straaserin
Straasern
Straasers
Straaßer
Straaßeri
Straaßerin
Straaßers
Straffwürdig
Sträher
Strahl
Strähler
Strählers
Strasenmichel
Straser
Strasers
Straßer
Strasseren
Straßerin
Strassern
Strassers
Strassren
Strassren
Straßers
Straub
Strauben
Sträwlins
Sträwlis
Strehler
Strëhler
Strehlerin
Strehlers
Streleren
Strelerin
Strëßler
Streßler
Streßlerischen
Streßlern
Streßlers
Strëßlers
Streuli
Streüli
Streulinen
Streulis
Strikler
Strolchen
Strub
Struben
Strumberg
Strytige
Stub[en]-Babis
Stubel
Stuben-Babis
Stubenbabis
Stubenhanßen
Stubensteffanen
Stuckhi
Stuckhj
Stucki
Stuckin
Stückle
Studer
Studers
Stuki
Stültzenbub
Stumpeneychfeld
Stür
Stüßinen
Stüssis
Stutz
Stutz]
Stutzen
Stutzin
Stuz
Stuzen
Stuzin
Styg
Stynen
Stynens
Süeß
Süffeler
Suhs
Suiter
Sultz
Sultzbach
Sultzberg
Sultzer
Sulzberg
Sulzer
Sum[ma]
Sümikon
Sunst
Süri
Sürin
Süris
Surli
Sus[an]
Sus[ana]
Sus[ann]
Sus[anna]
Susan
Susana
Susanen
Susann
Susanna
Susannæ
Susanne
Susanneli
Susli
Sussan
Sussann
Sußanna
Sußanneli
Süßin
Sut…
Suter
Suters
Sutter
Sutters
Suz
Sybilla
Sybillen
Sydhar
Sydler
Sydleren
Sydlerin
Sydlern
Sydlers
Syffrig
Syfrig
Syfrigen
Sylber
Symb[ola]
Symbol[um]
Syris
Sytz
Syz
T[igurinæ]
Tabakräücken
Tachmann
Taffleten
Taffleter
Tagelschwang
Tagelschwangen
Tägern[au]
Tägern[auer]
Tägernauw
Tagerschwang
Tagerst
Tägerst
Tägerst-schul
Tagrest
Tahl
Tallmannen
Tallmannin
Tallweil
Tallweyl
Tallwil
Tallwyl
Tämßeler
Tannen
Tanner
Täntzerinnen
Taubenman
Taubenmann
Te
Tëgernau
Tegers[t]
Tegerst
Teias
Teilung
Tempelmann
Temperli
Tengg
Tenggen
Tenngen
Tettler
Teücher
Thal
Thälis
Thällis
Thallmannin
Thallweil
Thallwyl
Thallwyler
Thalweil
Thalweiln
Thalwyler
Thann
Thanner
Thanneren
Thanners
Theias
Theilingen
Theilte
Theli
Thewes
Thewis
Thias
Thisli
Thiß
Thoma
Thoman
Thomas
Thomen
Thomma
Thomman
Thommann
Thommans
Thommen
Thommens
Thoni
Thöni
Thönis
Thöniß
Thöß
Thrineli
Thrini
Thryna
Thryneli
Thryni
Thuch
Thüe
Thüelen
Thüeler
Thügind
Thülen
Thülers
Thumeisens
Thummysen
Thumysen
Thur
Thurgeüer
Thurgeüw
Thurgoüw
Thurgöüw
Thyroler
Thys
Thysen
Thyß
Thyßen
Tickelmannin
Tieffacker
Tigelman
Tigelmannen
Tigelmannin
Tiggelm[an]
Tiggelman
Tiggelmann
Tiggelmannin
Tiggelmannischen
Tiggelmans
Tigur[inæ]
Tiguri
Tigurinæ
Tigurum
Timoth
Tisch[macher]
Tischmacheri
Tisli
Titulus
Tobel
Töbeli
Tobels
Tobias
Tobl[er]
Tobl[ers]
Tobler
Tobleri
Toblers
Tödel
Todtenbaüm
Togeli
Toggenburg
Toggenburger
Toggenburgeri
Toggw[eileri]
Toggweiler
Toggweileren
Toggweileri
Toggweilerin
Toggweilerli
Toggweilern
Toggweilers
Toggwyler
Togweiler
Togweileren
Togweilerin
Togweilerischen
Togweilern
Togweilers
Togwyler
Togwyleri
Togwylers
Tohr
Tomas
Tomma
Tomman
Tommanin
Tommans
Töni
Torliken
Töß
Tößr[iederen]
Tößriederen
Toußen
Trachsler
Trachsleri
Trachslers
Trachtete
Traffend
Trällinger
Transchen
Tratten
Traurgeüw
Treüete
Trichtenhausen
Trina
Trineli
Trini
Trinkher
Trinneli
Troll
Trommelschlager
Trompen
Trompin
Troßigen
Trotting
Trozete
Trub
Trüb
Truben
Trüben
Trüeb
Trüeben
Trueg
Trüliken
Trülliken
Trüllikon
Trümpler
Trutiken
Truttiken
Tubenman
Tubenmannum
Tubenmannus
Tüellers
Tüfacher
Tupseren
Turbenthal
Türcken
Turge
Turgeüw
Turgi
Turgoüw
Turgöüw
Türlen
Tys
Tysen
Tysli
Tyß
Tyßli
U[…]nschlagen
U[l]timo
U[wißen]
Uberfüllung
Ubergab
Uberige
Uchel
Uchren
Uetliberger
Uffschub
Uhli
Uhlrich
Uhwisen
Uli
Ulimans
Ulin
Ulins
Ulinß
Ulis
Uliß
Ullrich
Ulr[ich]
Ulrich
Ulrich]
Ulrichen
Ulrichli
Ulrichn
Ulrichs
Uly
Umbhingehen
Umgang
Undalen
Unde
Under-Rifferschwyl
Underbach
Underdesen
Underdeß
Underdürten
Undereßen
Underhitnau
Underhitt[nau]
Underhittn[au]
Underhittnau
Underhittnauer
Underhittnauw
Undermeylen
Underschwyl
Undertallweil
Undervogtin
Underw[etzikon]
Underwacht
Underweilen
Underwetz[ikon]
Underwetzicker
Underwetzik[on]
Underwetzikon
Underwezicken
Underwezigken
Underwezikon
Underwolffshußen
Underzwüschet
Ung[arn]
Ungarn
Ungeacht
Ungebürrliche
Ungewannet
Unholz
Unholzen
Unholzen-stuel
Unmaßgeblicher
Unnd
Untren
Unverschamptes
Uolman
Urach
Urachen
Urdorf
Urdorfer
Urdorff
Urech
Urechen
Urechli
Urechs
Urias-brieff
Urich
Urichen
Urs[ula]
Ursala
Urschleten
Ursel
Urseli
Ursell
Ursenhansen
Urslen
Ursul
Ursula
Ursulam
Urzlikhen
Ußer
Uster
Usterer
Usteri
Usterin
Ustermärckt
Usterwald
Ut
Uticken
Utliberg
Uttenberg
Utznach
Utznen
Utzner
Uwisen
Uwißen
Uznen
Uznerland
V
V[ide]
Väich
Vale
Valenti
Valentin
Venetzeler
Venetzelers
Venetzler
Verantw[ortung]
Verbesserete
Vere
Veren[a]
Verena
Verenæ
Verenali
Verenam
Vereneli
Verfange
Verfüegte
Vergliche
Verhüttung
Verkl[ag]t
Verklagte
Verlobte
Verlorene
Vermächtnus
Vermächtnuß
Vermeine
Vernea
Verneinte
Verner
Veronica
Veronicam
Veronika
Verrußen
Verschweigen
Versparete
Versprach
Versprachen
Versteht
Versühnten
Verte
Verum
Verwaltung
Verwundere
Verzeichnuß
Vi[n]zens
Vid[ua]
Vide
Vierer
Viereren
Vierers
Viertelmacheri
Viertelmachren
Viertelmachri
Viertemachers
Viertens
Vierzehen
Vii
Viii
Vinzens
Vinzenz
Vischental
Vizenz
Vogelhansen
Vogelholtz
Vogelholz
Vögeli
Vögelis
Vogell
Vogels
Voglen
Vogtshansen
Volcketschwyl
Volckhart
Volenw[eider]
Volenw[eiders]
Volenwe[eiders]
Volenweider
Volenweider]
Volenweiders
Volgend
Volger
Völgerli
Volgers
Volketschwyl
Vollemweider
Vollenw[eider]
Vollenweider
Vollenweideren
Vollenweideri
Vollenweiderin
Vollenweidern
Vollenweiders
Vollenweidren
Vollenweyder
Vollikon
Vollweidern
Vorerzelte
Vorgesetzte
Vorgsetzte
Vorm
Voster
Votum
Vre
Vreeli
Vren[a]
Vrena
Vrenam
Vreneli
Vrenen
Vreni
Vrenli
Vronegg
Vroneggen
Vronegk
Vronek
W[äber]
W[älthi]
W[appenschwyl]
W[e]yacher
W[erdt]m[üller]
W[erdt]m[üllers]
W[oliß]h[offen]
W[oliß]hoffen
W[olißhoffen]
Wä[r]netzhausen
Waaburg
Waager
Wäber
Wäber-Bub
Wäber-Buben
Wäberin
Wäbers-Bub
Wachsind
Wachtm[ei]st[e]r
Wäckerligs
Wäckerlin
Wädenschwylerischen
Wädeschweiler
Wädischweiler
Wädischwyler
Wæberum
Wagens
Wagin
Wägin
Wägman
Wägmannin
Wägmans
Wahlenstatt
Waibel
Wäkerlig
Wäkerling
Wald
Wald[er]
Waldbuben
Walder
Walderen
Walderi
Walderin
Walders
Waldi
Waldlauffen
Walferhausen
Walfershusen
Walffershausen
Walicken
Waliken
Walle
Wallenwyl
Wälli
Wällis
Wällthi
Wällti
Walsperg
Waltalingen
Walthi
Wälthi
Wälthinen
Wälthis
Wälti
Waltiken
Wältis
Waltz
Wammespach
Wän
Wändhaüslen
Wändhüslen
Wänge
Wängi
Wanner
Wanneren
Wanns
Wanspencaspar[?]
Wapenschwyl
Wappenschweil
Wappenschwyl
Wardends
Warigen
Warnend
Wart
Wartman
Wartmann
Warüber
Was-Wys
Was?
Wäschpi
Wasen
Waser
Waser
Waseren
Waserin
Waserin
Wasers
Wäspi
Wasterkinden
Wasterkingen
Watt
Watt?
Wattwyl
Weber
Wëber
Weberen
Weberin
Webern
Webers
Wëbers
Wechsel
Weckerlig
Wëckerlig
Weckerligen
Wëckerligen
Weckerlin
Wedischweiler
Wedtischwyler
Weerd
Weerli
Weerlin
Weerliß
Wegen
Wegend
Wegman
Wëgman
Wegmann
Wegmans
Wëgmans
Weibell
Weiberorth
Weiberstul
Weiblin
Weidler
Weidlerin
Weidmann
Weidmer
Weil
Weilenman
Weilenmanns
Weilenmans
Weiln
Weinfälden
Weinmohnat
Weinmonatt
Weinmonnat
Weisenheirichen
Weisenkind
Weißen
Weißenheirichen
Weißheir[ech]
Weißheirechen
Weiters
Wekerlig
Wekerligen
Wekerling
Wekerlingen
Weliches
Wellenberg
Wellenbergerischen
Welschen
Welthi
Welthin
Welthins
Welti
Weltins
Weltis
Weltziken
Wend-schatz
Wendhaüßlen
Wendheüslen
Wendheüßlen
Wendhüslen
Wenge
Wengi
Wengibad
Werber
Werchet
Werdm[üller]
Werdmüller
Werdmülleren
Werdmüllern
Werdmüllers
Werdtmüller
Werdtmüllers
Werli
Werliß
Wermaschw[yl]
Wermaschwyl
Wermaschwylen
Wermaschwyler
Wermenschwyl
Wernetshausen
Wërnezh[usen]
Wërnezhuse
Wërnezhusen
Wërnezhuser
Wërnezhuseren
Werni
Wertzen-Thal
Wertzenthal
Weser
Wespi
Wëspi
West
Weswëgen
Wet[ischweil]
Wetenschw[eil]
Weteschweil
Weteschwyl
Weteschwyleren
Wetischw[eil]
Wetischweil
Wetlis
Wetschw[eil]
Wetschweil
Wetschweiler
Wetschweiler-grichts
Wettenschw[yhl]
Wettenschwyhl
Wetteschw[yhl]
Wetteschweil
Wetteschweiler
Wetteschweils
Wetteschweyl
Wetteschwiler
Wetteschwyhl
Wetteschwyl
Wetteschwyler
Wetteschwyll
Wettingen
Wettinger
Wettingerhauß
Wettischw[eil]
Wettischweil
Wettischwyl
Wettschweil
Wettschweyl
Wettschwil
Wettschwyl
Wetz[ikon]
Wetzel
Wetzicken
Wetzicon
Wetzik[on]
Wetziken
Wetzikon
Wetzlin
Wetzstein
Weyach
Weyacher
Weyerbach
Weylenman
Weyß]
Weyßn
Wezickon
Weziken
Wezstein
Wezsteinen
Wezsteinin
Wheerd
Wibersenger
Wid[mer]
Widenschweil
Widerhart
Widerkeer
Widerkehr
Widerkehren
Widerzell
Wideschweil
Widler
Widm[ers]
Widmer
Widmeren
Widmerin
Widmerisch
Widmers
Widtmer
Widtmerin
Widtmers
Wiechser
Wiechsers
Wiechßer
Wiediken
Wiedikommer
Wiedikon
Wiedler
Wiedlerin
Wiesendanger]
Wiettickon
Wigeltingen
Wiggelding
Wiggeldinger
Wigoltinger
Wild
Wildberg
Wilden
Wildenmann
Wilder
Wilderm[uth]
Wildermut
Wildermuth
Wildermuthen
Wildermuthin
Wildermuths
Wildin
Wildispuch
Wilems
Wilenmann
Wilenmeidtlis
Wilhelm
Wilhelmen
Wilhelms
Willem
Willems
Willenmann
Willhellm
Willhelm
Willhelmen
Willi
Willikon
Willini
Willis
Willl
Wils
Winckler
Windlach
Windschen
Winkel-wirtschaft
Winkelriedt
Winkelwirthen
Winkler
Winterberg
Winterbërg
Winterberger
Winterm[ohnat]
Winterm[onat]
Wintermohnat
Winterth[ur]
Winterthur
Wintherkleider
Wintsch
Wintschen
Wipf
Wipfen
Wipff
Wipffin
Wipkingen
Wir
Wird
Wirff
Wirtenberg
Wirtenberger
Wirtenbergerland
Wirthen
Wirthenen
Wirtshaüser
Wirtshäüser
Wirttenbergerland
Wirtz
Wirtzen
Wirtzwyl
Wirz
Wisedanger
Wisendanger
Wisendangers
Wiser
Wiser]
Wisers
Wislig
Wislingen
Wisloch
Wismari
Wismer
Wismerin
Wisner
Wissin
Wisslingen
Wißenbach
Wißenheirichen
Wißer
Wißin
Wißlingen
Wißmerin
Witmer
Witmers
Wittmer
Witwyler
Witwylers
Witz
Witzigen
Witzug
Wohledler
Wohlehrwürdiger
Wohlerwürdige
Wohlerwürdiger
Wol[ißhoffen]
Wolenweider
Wolf
Wolf]
Wolfen
Wolfensp[erger]
Wolfensp[ergers]
Wolfensperger
Wolfenspergerin
Wolfenspergers
Wolff
Wolffen
Wolffenbsperger
Wolffens
Wolffensperger
Wolffenspergeren
Wolffenspergerin
Wolffenspergers
Wolffer
Wolffhausen
Wolffhaußen
Wolffhusen
Wolffin
Wolfgang
Wolfsheim
Wolgemuth
Wolishofen
Wolißh[ofen]
Wolißh[offen]
Wolißh[offer]
Wolißhofen
Wolißhofer
Wolißhoffen
Wolißhoffischen
Wollgeachte
Wollgemuth
Wollishofen
Wollißhoffen
Wolph
Wolphen
Worab
Woraus
Worfür
Worin
Wüflfflingen
Wülflingen
Wull
Wundi
Wundis
Wurd[end]
Würglen
Würgler
Würtenbergerland
Wusenkind
Wusens
Wüße
Wydlerin
Wygat
Wygats
Wyla
Wyleman
Wylenman
Wylenmann
Wylenmanns
Wylenmannß
Wylenmans
Wyler
Wylhof
Wylhoff
Wyman
Wymann
Wynicker
Wyniker
Wyninger
Wynman
Wynmonat
Wysen-bub
Wysenbach
Wysenbacher
Wysenbächler
Wysharli
Wyslingen
Wyß
Wyssen
Wyssenbach
Wyßin
Wyssio
Wyssium
Wyssius
Wyßebach
Wyßen
Wyßenbach
Wyßin
Wyßinen
Wyßlingen
Wyst
Xander
Xanders
Ylgen
Ynwyler
Yörg
Ysbruggers
Ysenhartin
Ysicken
Ytziker
Ytzikeren
Ytzikon
Yz[ikon]
Yzicken
Yzickon
Yzik[on]
Yziken
Yziker
Yzikon
z'Oß[ingen]
z'Oßingen
Z[ürcher]
Z[ürich]
Zach
Zach[arias]
Zachareießen
Zachareyes
Zachareyesin
Zacharias
Zachariasen
Zacharis
zAdelhaußen
zAdelshusen
zAdelshußen
Zällwäger
Zällwägers
Zällweger
Zällwegers
Zälwäger
Zanckers
Zangger
Zanggers
zBintz[ikon]
zBintzikon
zBinzicken
zBinzikon
zDürstalen
Zehender
Zehnde
Zehnder
Zeiger
Zeigers
Zeigtend
Zeinenmacheri
Zeinenmacherin
Zeinenmachers
Zell
Zeller
Zeller]
Zellers
Zellweger
Zelotypiam
Zelweger
Zeügt
zGosauw
zGrifense
zGrüningen
zHittnau
zHoltzhaußen
Ziegen
Ziegler
Ziegleri
Zigerwäb
Zigerwäber
Zimbermannin
Zimbermanninen
Zimbermennin
Zimberuli
Zimiker
Zimmer
Zimmermanin
Zimmermännin
Zinckin
Zindel
Zingg
Zinggin
Zingkin
Zinstag-arbeit
Zinstag-gotsd[ienst]
Zinstag-meien
Zinstag-wacht
Zinstagpr[edig]
Zinstagspredig
zItziken
zItzikon
zKemten
zLoo
Zog
Zohlhausstuhl
Zollicken
Zollicker
Zollickeri
Zolliger
Zolliken
Zolliker
Zollikerin
Zollikers
Zollikhon
Zollikumer
Zollikumern
Zollinger
Zollingeri
Zollingers
Zollingerum
Zophey
zPfäffiken
zPfeffiken
zPfëffiken
zRapperschwil
zStallicken
zStefa
zTegernauw
Zuber
Zuberen
Zuberin
Zubers
Zug
Zuger
Zugeren
Zugersee
Zügnuß
Zügnußen
Zumicken
Zuppinger
Zürcher
Zurich
Zürich
Zürich-bott
Zürich-see
Zürich-stras
Zürichbotten
Züricher
Zürichers
Zürichholz
Zürichreis
Zürichsee
Zürichstraaß
Zürichwäge
Zürn
Zurrich
Zürrich
Zürrichsee
Zürrichweeg
Zürych
Zürychweg
Zurzach
Zus[an]
Zus[anna]
Zusamen
Zusan
Zusann
Zusanna
Zusi
Zvergüden
Zwack
Zwaken
Zwäkerli
Zween
Zwei
Zweidlen
Zweiflen
Zweither
Zweitrechtige
zWetzikon
Zweybrukischen
Zwick
Zwilchen
Zwillicken
Zwilligen
Zwilligken
Zwillikon
Zwingeli
Zwingli
Zyt-taffelen
FALSCH
WAHR
#NAME?
